Archive,Record,Scale
0,0,1
0,1,1
0,2,1
0,3,1
0,4,1
0,5,1
0,6,1
0,7,1
0,8,1
0,9,1
0,10,1
0,11,1
0,12,1
0,13,1
0,14,1
0,15,1
0,16,1
0,17,1
0,18,1
0,19,1
0,20,1
0,21,1
0,22,1
0,23,1
0,24,1
0,25,1
0,26,1
0,27,1
0,28,1
0,29,1
0,30,1
0,31,1
0,32,1
0,33,1
0,34,1
0,35,1
0,36,1
0,37,1
0,38,1
0,39,1
0,40,1
0,41,1
0,42,1
0,43,1
0,44,1
0,45,1
0,46,1
0,47,1
0,48,1
0,49,1
0,50,1
0,51,1
0,52,1
0,53,1
0,54,1
0,55,1
0,56,1
0,57,1
0,58,1
0,59,1
1,0,-0.0078740157480315
1,1,-0.0078740157480315
1,2,-0.0078740157480315
1,3,-0.0078740157480315
1,4,-0.0078740157480315
1,5,-0.0078740157480315
1,6,-0.0078740157480315
1,7,-0.0078740157480315
1,8,-0.0078740157480315
1,9,-0.0078740157480315
1,10,-0.0078740157480315
1,11,-0.0078740157480315
1,12,-0.0078740157480315
1,13,-0.0078740157480315
1,14,-0.0078740157480315
1,15,-0.0078740157480315
1,16,-0.0078740157480315
1,17,-0.0078740157480315
1,18,-0.0078740157480315
1,19,-0.0078740157480315
1,20,-0.0078740157480315
1,21,-0.0078740157480315
1,22,-0.0078740157480315
1,23,-0.0078740157480315
1,24,-0.0078740157480315
1,25,-0.0078740157480315
1,26,-0.0078740157480315
1,27,-0.0078740157480315
1,28,-0.0078740157480315
1,29,-0.0078740157480315
1,30,-0.0078740157480315
1,31,-0.0078740157480315
1,32,-0.0078740157480315
1,33,-0.0078740157480315
1,34,-0.0078740157480315
1,35,-0.0078740157480315
1,36,-0.0078740157480315
1,37,-0.0078740157480315
1,38,-0.0078740157480315
1,39,-0.0078740157480315
1,40,-0.0078740157480315
1,41,-0.0078740157480315
1,42,-0.0078740157480315
1,43,-0.0078740157480315
1,44,-0.0078740157480315
1,45,-0.0078740157480315
1,46,-0.0078740157480315
1,47,-0.0078740157480315
1,48,-0.0078740157480315
1,49,-0.0078740157480315
1,50,-0.0078740157480315
1,51,-0.0078740157480315
1,52,-0.0078740157480315
1,53,-0.0078740157480315
1,54,-0.0078740157480315
1,55,-0.0078740157480315
1,56,-0.0078740157480315
1,57,-0.0078740157480315
1,58,-0.0078740157480315
1,59,-0.0078740157480315
2,0,1
2,1,1
2,2,1
2,3,1
2,4,1
2,5,1
2,6,1
2,7,1
2,8,1
2,9,1
2,10,1
2,11,1
2,12,1
2,13,1
2,14,1
2,15,1
2,16,1
2,17,1
2,18,1
2,19,1
2,20,1
2,21,1
2,22,1
2,23,1
2,24,1
2,25,1
2,26,1
2,27,1
2,28,1
2,29,1
2,30,1
2,31,1
2,32,1
2,33,1
2,34,1
2,35,1
2,36,1
2,37,1
2,38,1
2,39,1
2,40,1
2,41,1
2,42,1
2,43,1
2,44,1
2,45,1
2,46,1
2,47,1
2,48,1
2,49,1
2,50,1
2,51,1
2,52,1
2,53,1
2,54,1
2,55,1
3,0,1
3,1,1
3,2,1
3,3,1
3,4,1
3,5,1
3,6,1
3,7,1
3,8,1
3,9,1
3,10,1
3,11,1
3,12,1
3,13,1
3,14,1
3,15,1
3,16,1
3,17,1
3,18,1
3,19,1
3,20,1
3,21,1
3,22,1
3,23,1
3,24,1
3,25,1
3,26,1
3,27,1
3,28,1
3,29,1
3,30,1
3,31,1
3,32,1
3,33,1
3,34,1
3,35,1
3,36,1
3,37,1
3,38,1
3,39,1
3,40,1
3,41,1
3,42,1
3,43,1
3,44,1
3,45,1
3,46,1
3,47,1
3,48,1
3,49,1
3,50,1
3,51,1
3,52,1
3,53,1
3,54,1
3,55,1
4,0,1
4,1,1
4,2,1
4,3,1
4,4,1
4,5,1
4,6,1
4,7,1
4,8,1
4,9,1
4,10,1
4,11,1
4,12,1
4,13,1
4,14,1
4,15,1
4,16,1
4,17,1
4,18,1
4,19,1
4,20,1
4,21,1
4,22,1
4,23,1
4,24,1
4,25,1
4,26,1
4,27,1
4,28,1
4,29,1
4,30,1
4,31,1
4,32,1
4,33,1
4,34,1
4,35,1
4,36,1
4,37,1
4,38,1
4,39,1
4,40,1
4,41,1
4,42,1
4,43,1
4,44,1
4,45,1
4,46,1
4,47,1
4,48,1
4,49,1
4,50,1
4,51,1
4,52,1
4,53,1
4,54,1
4,55,1
5,0,1
5,1,0.5
5,2,0.5
5,3,1.40740740740741
5,4,1
5,5,0.400709219858156
5,6,1
5,7,1
5,8,1
5,9,0.5
5,10,0.675
5,11,0.66887417218543
5,12,0.5
5,13,0.666666666666667
5,14,0.4
5,15,0.5
5,16,0.5
5,17,0.675
5,18,0.5
5,19,0.5
5,20,0.5
5,21,0.5
5,22,0.5
5,23,1
5,24,0.67741935483871
5,25,1
5,26,0.68
5,27,0.666666666666667
5,28,0.5
5,29,0.5
5,30,0.66839378238342
5,31,0.5
6,0,1
6,1,1
6,2,1
6,3,1
6,4,1
7,0,1
7,1,1
7,2,1
7,3,1
8,0,1
8,1,1
8,2,1
8,3,1
9,0,1
9,1,1
9,2,1
9,3,1
9,4,1
10,0,1
10,1,1
10,2,1
10,3,1
10,4,1
11,0,1
11,1,1
11,2,1
11,3,1
12,0,1
12,1,1
12,2,1
12,3,1
13,0,1
13,1,1
13,2,1
13,3,1
14,0,1
14,1,1
14,2,1
14,3,1
15,0,1
15,1,1
15,2,1
15,3,1
16,0,1
16,1,1
16,2,1
16,3,1
16,4,1
17,0,1
17,1,1
17,2,1
18,0,1
18,1,1
18,2,1
19,0,1
19,1,1
19,2,1
19,3,1
19,4,1
20,0,1
20,1,1
20,2,1
20,3,1
20,4,1
22,0,1
22,1,1
22,2,1
22,3,1
22,4,1
23,0,1
23,1,1
23,2,1
23,3,1
23,4,1
24,0,1
24,1,1
24,2,1
24,3,1
24,4,1
25,0,1
25,1,1
25,2,1
25,3,1
25,4,1
25,5,1
25,6,1
25,7,1
26,0,1
26,1,1
26,2,1
26,3,1
27,0,1
27,1,1
27,2,1
27,3,1
28,0,1
28,1,1
28,2,1
28,3,1
28,4,1
29,0,1
29,1,1
29,2,1
29,3,1
29,4,1
30,0,1
30,1,1
30,2,1
30,3,1
30,4,1
31,0,1
31,1,1
31,2,1
31,3,1
31,4,1
31,5,1
31,6,1
31,7,1
31,8,1
31,9,1
31,10,1
31,11,1
31,12,1
31,13,1
31,14,1
31,15,1
33,0,1
33,1,1
33,2,1
35,0,1
35,1,1
35,2,1
35,3,1
36,0,1
36,1,1
36,2,1
36,3,1
37,0,1
37,1,1
37,2,1
37,3,1
37,4,1
38,0,1
38,1,1
38,2,1
38,3,1
39,0,1
39,1,1
39,2,1
39,3,1
40,0,1
40,1,1
40,2,1
40,3,1
40,4,1
41,0,1
41,1,1
41,2,1
41,3,1
42,0,1
42,1,1
42,2,1
42,3,1
43,0,1
43,1,1
43,2,1
43,3,1
44,0,1
44,1,1
44,2,1
44,3,1
44,4,1
45,0,1
45,1,1
45,2,1
45,3,1
46,0,1
46,1,1
46,2,1
47,0,1
47,1,1
47,2,1
47,3,1
48,0,1
48,1,1
48,2,1
48,3,1
48,4,1
48,5,1
49,0,1
49,1,1
49,2,1
49,3,1
49,4,1
49,5,1
49,6,1
49,7,1
49,8,1
49,9,1
49,10,1
50,0,1
50,1,1
50,2,1
50,3,1
50,4,1
50,5,1
50,6,1
50,7,1
53,0,1
53,1,1
53,2,1
53,3,1
53,4,1
53,5,1
53,6,1
53,7,1
53,8,1
53,9,1
53,10,1
53,11,1
53,12,1
53,13,1
53,14,1
53,15,1
53,16,1
53,17,1
53,18,1
53,19,1
53,20,1
53,21,1
53,22,1
53,23,1
53,24,1
53,25,1
53,26,1
53,27,1
53,28,1
53,29,1
53,30,1
53,31,1
54,0,1
54,1,1
54,2,1
54,3,1
54,4,1
54,5,1
54,6,1
54,7,1
54,8,1
54,9,1
54,10,1
54,11,1
54,12,1
54,13,1
54,14,1
54,15,1
54,16,1
54,17,1
54,18,1
54,19,1
54,20,1
54,21,1
54,22,1
54,23,1
54,24,1
54,25,1
54,26,1
54,27,1
54,28,1
54,29,1
54,30,1
54,31,1
54,32,1
54,33,1
54,34,1
54,35,1
54,36,1
54,37,1
54,38,1
54,39,1
54,40,1
54,41,1
54,42,1
54,43,1
54,44,1
55,0,1
55,1,1
55,2,1
55,3,1
55,4,1
55,5,1
55,6,1
55,7,1
56,0,1
56,1,1
56,2,1
56,3,1
56,4,1
56,5,1
56,6,1
56,7,1
57,0,1
57,1,1
57,2,1
57,3,1
57,4,1
57,5,1
57,6,1
57,7,1
58,0,1
58,1,1
58,2,1
58,3,1
59,0,1
59,1,1
59,2,1
59,3,1
60,0,1
60,1,1
60,2,1
60,3,1
60,4,1
61,0,1
61,1,1
61,2,1
61,3,1
62,0,1
62,1,1
62,2,1
62,3,1
63,0,1
63,1,1
63,2,1
63,3,1
63,4,1
64,0,1
64,1,1
64,2,1
64,3,1
65,0,1
65,1,1
65,2,1
65,3,1
66,0,1
66,1,1
66,2,1
66,3,1
66,4,1
67,0,1
67,1,1
67,2,1
67,3,1
67,4,1
67,5,1
67,6,1
67,7,1
67,8,1
67,9,1
67,10,1
67,11,1
67,12,1
67,13,1
67,14,1
67,15,1
68,0,1
68,1,1
68,2,1
68,3,1
68,4,1
68,5,1
68,6,1
68,7,1
68,8,1
68,9,1
69,0,1
69,1,1
69,2,1
69,3,1
70,0,1
70,1,1
70,2,1
70,3,1
71,0,1
71,1,1
71,2,1
71,3,1
72,0,1
72,1,1
72,2,1
72,3,1
73,0,1
73,1,1
73,2,1
73,3,1
74,0,1
74,1,1
74,2,1
74,3,1
75,0,1
75,1,1
75,2,1
75,3,1
76,0,1
76,1,1
76,2,1
76,3,1
77,0,1
77,1,1
77,2,1
77,3,1
79,0,1
79,1,1
79,2,1
79,3,1
80,0,1
80,1,1
80,2,1
80,3,1
81,0,1
81,1,1
81,2,1
81,3,1
82,0,1
82,1,1
82,2,1
82,3,1
82,4,1
83,0,1
83,1,1
84,0,1
84,1,1
84,2,1
84,3,1
84,4,1
84,5,1
84,6,1
84,7,1
84,8,1
85,0,1
85,1,1
85,2,1
85,3,1
85,4,1
85,5,1
85,6,1
85,7,1
86,0,1
86,1,1
86,2,1
86,3,1
86,4,1
87,0,1
87,1,1
87,2,1
87,3,1
87,4,1
87,5,1
87,6,1
87,7,1
87,8,1
88,0,1
88,1,1
88,2,1
88,3,1
88,4,1
88,5,1
88,6,1
89,0,1
89,1,1
89,2,1
89,3,1
89,4,1
90,0,1
90,1,1
90,2,1
90,3,1
90,4,1
90,5,1
90,6,1
90,7,1
90,8,1
90,9,1
90,10,1
90,11,1
90,12,1
90,13,1
90,14,1
91,0,1
91,1,1
91,2,1
91,3,1
92,0,1
92,1,1
92,2,1
92,3,1
92,4,1
92,5,1
92,6,1
92,7,1
92,8,1
92,9,1
92,10,1
92,11,1
92,12,1
93,0,1
93,1,1
93,2,1
93,3,1
93,4,1
93,5,1
93,6,1
93,7,1
93,8,1
93,9,1
93,10,1
94,0,1
94,1,1
94,2,1
94,3,1
95,0,1
96,0,1.36363636363636
96,1,1.36842105263158
96,2,1.35294117647059
96,3,1.34285714285714
96,4,1.35294117647059
96,5,1.35483870967742
97,0,1
97,1,1
97,2,1
97,3,1
97,4,1
97,5,1
97,6,1
97,7,1
97,8,1
97,9,1
97,10,1
97,11,1
97,12,1
97,13,1
97,14,1
97,15,1
97,16,1
97,17,1
97,18,1
97,19,1
97,20,1
97,21,1
98,0,1
98,1,1
98,2,1
98,3,1
98,4,1
98,5,1
98,6,1
98,7,1
98,8,1
98,9,1
98,10,1
98,11,1
98,12,1
98,13,1
98,14,1
99,0,1
100,0,1
100,1,1
100,2,1
100,3,1
100,4,1
100,5,1
100,6,1
100,7,1
100,8,1
100,9,1
100,10,1
100,11,1
100,12,1
100,13,1
100,14,1
100,15,1
100,16,1
100,17,1
100,18,1
100,19,1
100,20,1
100,21,1
100,22,1
100,23,1
100,24,1
100,25,1
100,26,1
100,27,1
100,28,1
100,29,1
101,0,1
101,1,1
101,2,1
101,3,1
101,4,1
101,5,1
101,6,1
101,7,1
101,8,1
101,9,1
101,10,1
101,11,1
101,12,1
102,0,1
102,1,1
102,2,1
102,3,1
102,4,1
102,5,1
102,6,1
102,7,1
102,8,1
102,9,1
102,10,1
102,11,1
102,12,1
102,13,1
102,14,1
102,15,1
102,16,1
102,17,1
102,18,1
102,19,1
102,20,1
102,21,1
102,22,1
102,23,1
102,24,1
102,25,1
102,26,1
102,27,1
102,28,1
102,29,1
102,30,1
102,31,1
102,32,1
102,33,1
102,34,1
102,35,1
102,36,1
102,37,1
102,38,1
102,39,1
102,40,1
102,41,1
102,42,1
102,43,1
102,44,1
102,45,1
102,46,1
102,47,1
102,48,1
102,49,1
102,50,1
102,51,1
102,52,1
102,53,1
102,54,1
102,55,1
103,0,1
103,1,1
103,2,1
103,3,1
103,4,1
103,5,1
103,6,1
103,7,1
103,8,1
103,9,1
103,10,1
103,11,1
103,12,1
103,13,1
103,14,1
103,15,1
103,16,1
103,17,1
103,18,1
103,19,1
103,20,1
103,21,1
103,22,1
103,23,1
103,24,1
103,25,1
103,26,1
103,27,1
103,28,1
103,29,1
103,30,1
103,31,1
103,32,1
103,33,1
103,34,1
103,35,1
103,36,1
103,37,1
103,38,1
103,39,1
103,40,1
103,41,1
103,42,1
103,43,1
103,44,1
103,45,1
103,46,1
103,47,1
103,48,1
103,49,1
103,50,1
103,51,1
103,52,1
103,53,1
103,54,1
103,55,1
104,0,1
104,1,1
104,2,1
104,3,1
104,4,1
104,5,1
104,6,1
104,7,1
104,8,1
104,9,1
104,10,1
104,11,1
104,12,1
104,13,1
104,14,1
104,15,1
104,16,1
104,17,1
104,18,1
104,19,1
104,20,1
104,21,1
104,22,1
104,23,1
104,24,1
104,25,1
104,26,1
104,27,1
104,28,1
104,29,1
104,30,1
104,31,1
104,32,1
104,33,1
104,34,1
104,35,1
104,36,1
104,37,1
104,38,1
104,39,1
104,40,1
104,41,1
104,42,1
104,43,1
104,44,1
104,45,1
104,46,1
104,47,1
104,48,1
104,49,1
104,50,1
104,51,1
104,52,1
104,53,1
104,54,1
104,55,1
105,0,1
105,1,1
105,2,1
105,3,1
105,4,1
105,5,1
105,6,1
105,7,1
105,8,1
105,9,1
105,10,1
106,0,1
106,1,1
106,2,1
106,3,1
106,4,1
106,5,1
106,6,1
107,0,1
107,1,1
107,2,1
107,3,1
108,0,1
108,1,1
108,2,1
108,3,1
109,0,1
109,1,1
109,2,1
109,3,1
109,4,1
110,0,1
110,1,1
110,2,1
110,3,1
110,4,1
111,0,1
111,1,1
111,2,1
111,3,1
112,0,1
112,1,1
112,2,1
112,3,1
113,0,1
113,1,1
113,2,1
113,3,1
114,0,1
114,1,1
114,2,1
114,3,1
115,0,1
115,1,1
115,2,1
115,3,1
116,0,1
116,1,1
116,2,1
116,3,1
116,4,1
117,0,1
117,1,1
117,2,1
118,0,1
118,1,1
118,2,1
119,0,1
119,1,1
119,2,1
119,3,1
119,4,1
120,0,1
120,1,1
120,2,1
120,3,1
120,4,1
121,0,1
121,1,1
121,2,1
121,3,1
122,0,1
122,1,1
122,2,1
122,3,1
122,4,1
122,5,1
123,0,1
123,1,1
123,2,1
123,3,1
123,4,1
124,0,1
124,1,1
124,2,1
124,3,1
124,4,1
125,0,1
125,1,1
125,2,1
125,3,1
125,4,1
125,5,1
125,6,1
125,7,1
126,0,1
126,1,1
126,2,1
126,3,1
127,0,1
127,1,1
127,2,1
127,3,1
128,0,1
128,1,1
128,2,1
128,3,1
128,4,1
129,0,1
129,1,1
129,2,1
129,3,1
129,4,1
130,0,1
130,1,1
130,2,1
130,3,1
130,4,1
131,0,1
131,1,1
131,2,1
131,3,1
132,0,1
132,1,1
132,2,1
132,3,1
132,4,1
133,0,1
133,1,1
133,2,1
133,3,1
134,0,1
134,1,1
134,2,1
134,3,1
135,0,1
135,1,1
135,2,1
135,3,1
136,0,1
136,1,1
136,2,1
136,3,1
137,0,1
137,1,1
137,2,1
137,3,1
137,4,1
138,0,1
138,1,1
138,2,1
138,3,1
139,0,1
139,1,1
139,2,1
139,3,1
140,0,1
140,1,1
140,2,1
140,3,1
140,4,1
141,0,1
141,1,1
141,2,1
141,3,1
142,0,1
142,1,1
142,2,1
142,3,1
143,0,1
143,1,1
143,2,1
143,3,1
144,0,1
144,1,1
144,2,1
144,3,1
144,4,1
145,0,1
145,1,1
145,2,1
145,3,1
146,0,1
146,1,1
146,2,1
146,3,1
147,0,1
147,1,1
147,2,1
147,3,1
147,4,1
147,5,1
147,6,1
148,0,1
148,1,1
148,2,1
148,3,1
148,4,1
148,5,1
149,0,1
149,1,1
149,2,1
149,3,1
150,0,1
150,1,1
150,2,1
150,3,1
151,0,1
151,1,1
151,2,1
151,3,1
152,0,1
152,1,1
152,2,1
152,3,1
153,0,1
153,1,1
153,2,1
153,3,1
154,0,1
154,1,1
154,2,1
154,3,1
155,0,1
155,1,1
155,2,1
155,3,1
156,0,1
156,1,1
156,2,1
156,3,1
157,0,1
157,1,1
157,2,1
157,3,1
158,0,1
158,1,1
158,2,1
158,3,1
159,0,1
159,1,1
159,2,1
159,3,1
160,0,1
160,1,1
160,2,1
160,3,1
160,4,1
161,0,1
161,1,1
161,2,1
161,3,1
162,0,1
162,1,1
162,2,1
162,3,1
163,0,1
163,1,1
163,2,1
163,3,1
163,4,1
164,0,1
164,1,1
164,2,1
164,3,1
165,0,1
165,1,1
165,2,1
165,3,1
166,0,1
166,1,1
166,2,1
166,3,1
166,4,1
167,0,1
167,1,1
167,2,1
167,3,1
168,0,1
168,1,1
168,2,1
168,3,1
168,4,1
168,5,1
168,6,1
168,7,1
168,8,1
168,9,1
169,0,1
169,1,1
169,2,1
169,3,1
170,0,1
170,1,1
170,2,1
170,3,1
171,0,1
171,1,1
171,2,1
171,3,1
171,4,1
172,0,1
172,1,1
172,2,1
172,3,1
173,0,1
173,1,1
173,2,1
173,3,1
174,0,1
174,1,1
174,2,1
174,3,1
175,0,1
175,1,1
175,2,1
175,3,1
175,4,1
175,5,1
175,6,1
175,7,1
175,8,1
175,9,1
175,10,1
175,11,1
175,12,1
175,13,1
175,14,1
175,15,1
176,0,1
176,1,1
176,2,1
176,3,1
176,4,1
176,5,1
176,6,1
177,0,1
177,1,1
177,2,1
177,3,1
177,4,1
177,5,0.918918918918919
178,0,1
178,1,1
178,2,1
178,3,1
178,4,1
178,5,1
178,6,1
179,0,1
179,1,1
179,2,1
179,3,1
179,4,1
180,0,1
180,1,1
180,2,1
180,3,1
181,0,1
181,1,1
181,2,1
181,3,1
181,4,1
181,5,1
181,6,1
181,7,1
182,0,1
182,1,1.42682926829268
182,2,1.64102564102564
182,3,1.62337662337662
182,4,1.63013698630137
182,5,1.6375
182,6,1.62337662337662
182,7,1.63888888888889
182,8,1.62162162162162
182,9,1.62820512820513
182,10,1.64102564102564
182,11,1.64
182,12,1.62820512820513
182,13,1.61224489795918
182,14,1.63829787234043
182,15,1.625
182,16,1.61363636363636
182,17,1.63636363636364
182,18,1.63829787234043
182,19,1.62820512820513
182,20,1.63636363636364
182,21,1.41891891891892
182,22,1.63636363636364
182,23,1.63157894736842
182,24,1.61702127659574
182,25,1.64102564102564
182,26,1.63013698630137
182,27,1.62337662337662
182,28,1.63291139240506
182,29,1.62962962962963
182,30,1.62
182,31,1.6
182,32,1.63636363636364
182,33,1.64102564102564
182,34,1.64102564102564
182,35,1.64102564102564
182,36,1.62745098039216
182,37,1.64102564102564
182,38,1.60526315789474
182,39,1.63636363636364
182,40,1.64102564102564
182,41,1.63095238095238
182,42,1.62857142857143
182,43,1.6271186440678
182,44,1.62121212121212
182,45,1.62820512820513
182,46,1.62820512820513
182,47,1.62820512820513
182,48,1.62820512820513
182,49,1.62650602409639
182,50,1.62337662337662
182,51,1.62162162162162
182,52,1.61666666666667
182,53,1.6271186440678
182,54,1.62337662337662
182,55,1.62337662337662
182,56,1.63291139240506
182,57,1.6375
182,58,1.62962962962963
182,59,1.53763440860215
183,0,1.9873417721519
183,1,1.98795180722892
183,2,1.9875
183,3,1.9875
183,4,2
183,5,2
183,6,2
183,7,1.98823529411765
183,8,2
183,9,2
183,10,2
183,11,1.98765432098765
183,12,1.9875
183,13,1.98765432098765
183,14,1.9875
183,15,1.98795180722892
183,16,2
183,17,1.98780487804878
183,18,2
183,19,1.98809523809524
183,20,2
183,21,2
184,0,1
184,1,1
184,2,1
184,3,1
184,4,1
184,5,1
184,6,1
184,7,1
184,8,1
184,9,1
184,10,1
184,11,1
184,12,1
184,13,1
184,14,1
184,15,1
184,16,1
184,17,1
184,18,1
184,19,1
184,20,1
184,21,1
184,22,1
184,23,1
184,24,1
184,25,1
184,26,1
184,27,1
184,28,1
184,29,1
184,30,1
184,31,1
184,32,1
184,33,1
184,34,1
185,0,0.668067226890756
185,1,0.666666666666667
185,2,0.668067226890756
185,3,0.668067226890756
185,4,0.666666666666667
185,5,0.666666666666667
185,6,0.666666666666667
185,7,0.66798418972332
185,8,0.666666666666667
185,9,0.666666666666667
185,10,0.666666666666667
185,11,0.668067226890756
185,12,0.668067226890756
185,13,0.66804979253112
185,14,0.668067226890756
185,15,0.668016194331984
185,16,0.666666666666667
185,17,0.668032786885246
185,18,0.666666666666667
186,0,0.666666666666667
186,1,0.668224299065421
186,2,0.666666666666667
186,3,0.666666666666667
186,4,0.666666666666667
186,5,0.668508287292818
186,6,0.668016194331984
186,7,0.666666666666667
186,8,0.668161434977579
186,9,0.668122270742358
186,10,0.66804979253112
186,11,0.666666666666667
186,12,0.666666666666667
186,13,0.66804979253112
186,14,0.668965517241379
186,15,0.668965517241379
186,16,0.668016194331984
186,17,0.669117647058823
186,18,0.666666666666667
186,19,0.666666666666667
186,20,0.666666666666667
186,21,0.666666666666667
186,22,0.666666666666667
186,23,0.666666666666667
186,24,0.668085106382979
186,25,0.666666666666667
186,26,0.66804979253112
186,27,0.668141592920354
186,28,0.668067226890756
186,29,0.666666666666667
186,30,0.666666666666667
186,31,0.666666666666667
186,32,0.669811320754717
186,33,0.666666666666667
186,34,0.668067226890756
186,35,0.66804979253112
186,36,0.668032786885246
186,37,0.668789808917197
186,38,0.66804979253112
186,39,0.666666666666667
186,40,0.666666666666667
186,41,0.666666666666667
186,42,0.668016194331984
186,43,0.666666666666667
186,44,0.666666666666667
186,45,0.668316831683168
186,46,0.66804979253112
186,47,0.666666666666667
186,48,0.666666666666667
186,49,0.66804979253112
186,50,0.666666666666667
186,51,0.668085106382979
186,52,0.666666666666667
186,53,0.668478260869565
186,54,0.666666666666667
186,55,0.666666666666667
186,56,0.666666666666667
186,57,0.668016194331984
186,58,0.668
186,59,0.666666666666667
190,0,1
190,1,1
190,2,1
190,3,1
190,4,1
190,5,1
190,6,1
190,7,1
190,8,1
190,9,1
190,10,1
190,11,1
190,12,1
194,0,1
194,1,1
194,2,1
194,3,1
194,4,1
194,5,1
194,6,1
194,7,1
194,8,1
194,9,1
194,10,1
194,11,1
194,12,1
194,13,1
194,14,1
194,15,1
194,16,1
194,17,1
194,18,1
194,19,1
194,20,1
194,21,1
194,22,1
194,23,1
194,24,1
194,25,1
194,26,1
194,27,1
194,28,1
194,29,1
194,30,1
194,31,1
194,32,1
194,33,1
194,34,1
194,35,1
194,36,1
195,0,1
195,1,1
195,2,1
195,3,1
195,4,1
195,5,1
195,6,1
195,7,1
195,8,1
195,9,1
195,10,1
195,11,1
195,12,1
195,13,1
195,14,1
195,15,1
195,16,1
195,17,1
195,18,1
195,19,1
195,20,1
195,21,1
195,22,1
195,23,1
195,24,1
195,25,1
195,26,1
195,27,1
195,28,1
195,29,1
195,30,1
195,31,1
195,32,1
195,33,1
195,34,1
195,35,1
197,0,1
197,1,1
197,2,1
197,3,1
197,4,1
197,5,1
197,6,1
197,7,1
197,8,1
197,9,1
197,10,1
198,0,1
198,1,1
198,2,1
198,3,1
198,4,1
198,5,1
198,6,1
198,7,1
198,8,1
198,9,1
199,0,1
199,1,1
199,2,1
199,3,1
199,4,1
199,5,1
199,6,1
199,7,1
199,8,1
199,9,1
199,10,1
199,11,1
199,12,1
199,13,1
199,14,1
199,15,1
199,16,1
199,17,1
199,18,1
199,19,1
199,20,1
199,21,1
199,22,1
200,0,1
200,1,1
200,2,1
200,3,1
200,4,1
200,5,1
200,6,1
200,7,1
200,8,1
200,9,1
200,10,1
200,11,1
200,12,1
200,13,1
200,14,1
200,15,1
200,16,1
200,17,1
200,18,1
200,19,1
200,20,1
201,0,1
201,1,1
201,2,1
201,3,1
201,4,1
201,5,1
201,6,1
201,7,1
201,8,1
201,9,1
201,10,1
201,11,1
202,0,1
202,1,1
202,2,1
202,3,1
202,4,1
202,5,1
202,6,1
203,0,1
203,1,1
203,2,1
203,3,1
203,4,1
203,5,1
203,6,1
204,0,1
204,1,1
204,2,1
204,3,1
204,4,1
204,5,1
204,6,1
204,7,1
204,8,1
204,9,1
205,0,1
205,1,1
205,2,1
205,3,1
205,4,1
205,5,1
205,6,1
205,7,1
205,8,1
205,9,1
205,10,1
205,11,1
205,12,1
205,13,1
205,14,1
205,15,1
205,16,1
205,17,1
205,18,1
205,19,1
205,20,1
205,21,1
205,22,1
205,23,1
205,24,1
205,25,1
205,26,1
205,27,1
205,28,1
205,29,1
205,30,1
205,31,1
205,32,1
205,33,1
205,34,1
205,35,1
205,36,1
205,37,1
205,38,1
205,39,1
205,40,1
205,41,1
205,42,1
205,43,1
205,44,1
206,0,1
206,1,1
206,2,1
206,3,1
206,4,1
206,5,1
206,6,1
206,7,1
206,8,1
206,9,1
206,10,1
206,11,1
206,12,1
206,13,1
206,14,1
206,15,1
206,16,1
206,17,1
206,18,1
206,19,1
206,20,1
206,21,1
206,22,1
206,23,1
206,24,1
206,25,1
206,26,1
206,27,1
206,28,1
206,29,1
206,30,1
206,31,1
206,32,1
206,33,1
206,34,1
206,35,1
206,36,1
207,0,1
207,1,1
207,2,1
207,3,1
207,4,1
207,5,1
207,6,1
207,7,1
207,8,1
207,9,1
207,10,1
207,11,1
207,12,1
207,13,1
207,14,1
207,15,1
207,16,1
208,0,1
208,1,1
208,2,1
208,3,1
208,4,1
208,5,1
208,6,1
209,0,1
209,1,1
209,2,1
209,3,1
209,4,1
209,5,1
209,6,1
209,7,1
209,8,1
209,9,1
209,10,1
209,11,1
209,12,1
209,13,1
209,14,1
209,15,1
210,0,1
210,1,1
210,2,1
210,3,1.9
210,4,1.90909090909091
210,5,1.95833333333333
210,6,1
210,7,1
210,8,1
210,9,1
210,10,1
210,11,1
210,12,1
210,13,1.10416666666667
210,14,1
210,15,1
210,16,1
210,17,1
210,18,1
210,19,1
210,20,1
210,21,1
210,22,1
210,23,1
210,24,1
210,25,1
210,26,1
210,27,1
210,28,0.66887417218543
210,29,0.66875
211,0,1
211,1,1
211,2,1
211,3,1
211,4,1
211,5,1
211,6,1
211,7,1
211,8,1
211,9,1
211,10,1
211,11,1
211,12,1
211,13,1
211,14,1
211,15,1
211,16,1
211,17,1
211,18,1
211,19,1
211,20,1
211,21,1
211,22,1
211,23,1
211,24,1
211,25,1
211,26,1
211,27,1
211,28,1
211,29,1
211,30,1
211,31,1
211,32,1
211,33,1
211,34,1
211,35,1
211,36,1
211,37,1
211,38,1
211,39,1
211,40,1
211,41,1
211,42,1
211,43,1
211,44,1
211,45,1
211,46,1
211,47,1
211,48,1
211,49,1
211,50,1
211,51,1
211,52,1
211,53,1
211,54,1
211,55,1
211,56,1
211,57,1
212,0,1
212,1,1
212,2,1
212,3,1
212,4,1
212,5,1
212,6,1
212,7,1
212,8,1
212,9,1
212,10,1
212,11,1
212,12,1
212,13,1
212,14,1
212,15,1
212,16,1
212,17,1
212,18,1
213,0,3.25
213,1,3.25
213,2,1
213,3,1
213,4,1
213,5,1
213,6,1
213,7,1
213,8,1
213,9,1
213,10,1
213,11,1
213,12,1
213,13,2
213,14,2
213,15,1
213,16,1
213,17,1
214,0,1
214,1,1
214,2,1
214,3,1
214,4,1
214,5,1
214,6,1
214,7,1
214,8,1
214,9,1
214,10,1
214,11,1
214,12,1
214,13,1
214,14,1
214,15,1
216,0,1
216,1,1
216,2,1
216,3,1
216,4,1
216,5,1
216,6,1
216,7,1
216,8,1
216,9,1
216,10,1
216,11,1
216,12,1
216,13,1
216,14,1
216,15,1
216,16,1
216,17,1
216,18,1
216,19,1
216,20,1
216,21,1
216,22,1
216,23,1
216,24,1
216,25,1
216,26,1
216,27,1
216,28,1
216,29,1
216,30,1
216,31,1
216,32,1
216,33,1
216,34,1
216,35,1
216,36,1
216,37,1
216,38,1
216,39,1
216,40,1
216,41,1
216,42,1
216,43,1
216,44,1
216,45,1
216,46,1
216,47,1
218,0,1
218,1,1
218,2,1
218,3,1
218,4,1
218,5,1
218,6,1
233,0,1
233,1,1
233,2,1
233,3,1
233,4,1
233,5,1
233,6,1
233,7,1
233,8,1
233,9,1
233,10,1
233,11,1
233,12,1
233,13,1
233,14,1
233,15,1
233,16,1
233,17,1
233,18,1
233,19,1
233,20,1
233,21,1
233,22,1
233,23,1
233,24,1
233,25,1
233,26,1
233,27,1
234,0,1
234,1,1
234,2,1
234,3,1
234,4,1
234,5,1
234,6,1
234,7,1
234,8,1
234,9,1
234,10,1
234,11,1
234,12,1
234,13,1
234,14,1
234,15,1
234,16,1
234,17,1
234,18,1
234,19,1
234,20,1
234,21,1
234,22,1
234,23,1
234,24,1
234,25,1
234,26,1
234,27,1
235,0,1
235,1,1
235,2,1
235,3,1
235,4,1
235,5,1
235,6,1
235,7,1
235,8,1
235,9,1
235,10,1
235,11,1
235,12,1
235,13,1
235,14,1
235,15,1
235,16,1
235,17,1
235,18,1
235,19,1
235,20,1
235,21,1
235,22,1
235,23,1
235,24,1
235,25,1
235,26,1
235,27,1
235,28,1
235,29,1
235,30,1
235,31,1
235,32,1
235,33,1
235,34,1
235,35,1
235,36,1
235,37,1
235,38,1
235,39,1
235,40,1
235,41,1
235,42,1
235,43,1
235,44,1
235,45,1
235,46,1
235,47,1
235,48,1
235,49,1
235,50,1
235,51,1
235,52,1
235,53,1
235,54,1
235,55,1
235,56,1
235,57,1
235,58,1
235,59,1
236,0,1
236,1,1
236,2,1
236,3,1
236,4,1
236,5,1
236,6,1
236,7,1
236,8,1
236,9,1
236,10,1
236,11,1
236,12,1
236,13,1
236,14,1
236,15,1
236,16,1
236,17,1
236,18,1
236,19,1
236,20,1
236,21,1
236,22,1
236,23,1
236,24,1
236,25,1
236,26,1
236,27,1
236,28,1
236,29,1
236,30,1
236,31,1
236,32,1
236,33,1
236,34,1
236,35,1
236,36,1
236,37,1
236,38,1
236,39,1
236,40,1
236,41,1
236,42,1
236,43,1
236,44,1
236,45,1
236,46,1
236,47,1
236,48,1
236,49,1
236,50,1
236,51,1
236,52,1
236,53,1
236,54,1
236,55,1
236,56,1
236,57,1
236,58,1
236,59,1
237,0,1
237,1,1
237,2,1
237,3,1
237,4,1
237,5,1
237,6,1
237,7,1
237,8,1
237,9,1
237,10,1
237,11,1
237,12,1
237,13,1
237,14,1
237,15,1
237,16,1
237,17,1
237,18,1
237,19,1
237,20,1
237,21,1
237,22,1
237,23,1
237,24,1
237,25,1
237,26,1
237,27,1
237,28,1
237,29,1
237,30,1
237,31,1
237,32,1
237,33,1
237,34,1
237,35,1
237,36,1
237,37,1
237,38,1
237,39,1
237,40,1
237,41,1
237,42,1
237,43,1
237,44,1
237,45,1
237,46,1
237,47,1
237,48,1
237,49,1
237,50,1
237,51,1
237,52,1
237,53,1
237,54,1
237,55,1
237,56,1
237,57,1
237,58,1
237,59,1
238,0,1
238,1,1
238,2,1
238,3,1
238,4,1
238,5,1
238,6,1
238,7,1
238,8,1
238,9,1
238,10,1
238,11,1
238,12,1
238,13,1
238,14,1
238,15,1
238,16,1
238,17,1
238,18,1
238,19,1
238,20,1
238,21,1
238,22,1
238,23,1
238,24,1
238,25,1
238,26,1
238,27,1
238,28,1
238,29,1
238,30,1
238,31,1
238,32,1
238,33,1
238,34,1
238,35,1
238,36,1
238,37,1
238,38,1
238,39,1
238,40,1
238,41,1
238,42,1
238,43,1
238,44,1
238,45,1
238,46,1
238,47,1
238,48,1
238,49,1
238,50,1
238,51,1
238,52,1
238,53,1
238,54,1
238,55,1
238,56,1
238,57,1
238,58,1
238,59,1
239,0,1
239,1,1
239,2,1
239,3,1
239,4,1
239,5,1
239,6,1
239,7,1
239,8,1
239,9,1
239,10,1
239,11,1
239,12,1
239,13,1
239,14,1
239,15,1
239,16,1
239,17,1
239,18,1
239,19,1
239,20,1
239,21,1
239,22,1
239,23,1
239,24,1
239,25,1
239,26,1
239,27,1
239,28,1
239,29,1
239,30,1
239,31,1
239,32,1
239,33,1
239,34,1
239,35,1
239,36,1
239,37,1
239,38,1
239,39,1
239,40,1
239,41,1
239,42,1
239,43,1
239,44,1
239,45,1
239,46,1
239,47,1
239,48,1
239,49,1
239,50,1
239,51,1
239,52,1
239,53,1
239,54,1
239,55,1
239,56,1
239,57,1
239,58,1
239,59,1
240,0,1
240,1,1
240,2,1
240,3,1
240,4,1
240,5,1
240,6,1
240,7,1
240,8,1
240,9,1
240,10,1
240,11,1
240,12,1
240,13,1
240,14,1
240,15,1
240,16,1
240,17,1
240,18,1
240,19,1
240,20,1
240,21,1
240,22,1
240,23,1
240,24,1
240,25,1
240,26,1
240,27,1
240,28,1
240,29,1
240,30,1
240,31,1
240,32,1
240,33,1
240,34,1
240,35,1
240,36,1
240,37,1
240,38,1
240,39,1
240,40,1
240,41,1
240,42,1
240,43,1
240,44,1
240,45,1
240,46,1
240,47,1
240,48,1
240,49,1
240,50,1
240,51,1
240,52,1
240,53,1
240,54,1
240,55,1
240,56,1
240,57,1
240,58,1
240,59,1
241,0,1
241,1,1
241,2,1
241,3,1
241,4,1
241,5,1
241,6,1
241,7,1
241,8,1
241,9,1
241,10,1
241,11,1
241,12,1
241,13,1
241,14,1
241,15,1
241,16,1
241,17,1
241,18,1
241,19,1
241,20,1
241,21,1
241,22,1
241,23,1
241,24,1
241,25,1
241,26,1
241,27,1
241,28,1
241,29,1
241,30,1
241,31,1
241,32,1
241,33,1
241,34,1
241,35,1
241,36,1
241,37,1
241,38,1
241,39,1
241,40,1
241,41,1
241,42,1
241,43,1
241,44,1
241,45,1
241,46,1
241,47,1
241,48,1
241,49,1
241,50,1
241,51,1
241,52,1
241,53,1
241,54,1
241,55,1
241,56,1
241,57,1
241,58,1
241,59,1
242,0,1
242,1,1
242,2,1
242,3,1
242,4,1
242,5,1
242,6,1
242,7,1
242,8,1
242,9,1
242,10,1
242,11,1
242,12,1
242,13,1
242,14,1
242,15,1
242,16,1
242,17,1
242,18,1
242,19,1
242,20,1
242,21,1
242,22,1
242,23,1
242,24,1
242,25,1
242,26,1
242,27,1
242,28,1
242,29,1
242,30,1
242,31,1
242,32,1
242,33,1
242,34,1
242,35,1
242,36,1
242,37,1
242,38,1
242,39,1
242,40,1
242,41,1
242,42,1
242,43,1
242,44,1
242,45,1
242,46,1
242,47,1
242,48,1
242,49,1
242,50,1
242,51,1
242,52,1
242,53,1
242,54,1
242,55,1
242,56,1
242,57,1
242,58,1
242,59,1
245,0,1
245,1,1
245,2,1
245,3,1
245,4,1
245,5,1
245,6,1
245,7,1
245,8,1
245,9,1
245,10,1
245,11,1
245,12,1
245,13,1
245,14,1
245,15,1
245,16,1
245,17,1
245,18,1
245,19,1
245,20,1
245,21,1
245,22,1
245,23,1
245,24,1
245,25,1
245,26,1
245,27,1
245,28,1
245,29,1
245,30,1
245,31,1
245,32,1
245,33,1
245,34,1
245,35,1
245,36,1
246,0,1
246,1,1
246,2,1
246,3,1
246,4,1
246,5,1
246,6,1
246,7,1
246,8,1
246,9,1
246,10,1
246,11,1
246,12,1
246,13,1
246,14,1
246,15,1
246,16,1
246,17,1
246,18,1
246,19,1
246,20,1
246,21,1
246,22,1
246,23,1
246,24,1
246,25,1
246,26,1
246,27,1
246,28,1
246,29,1
246,30,1
246,31,1
246,32,1
246,33,1
246,34,1
246,35,1
246,36,1
247,0,1
247,1,1
247,2,1
247,3,1
247,4,1
247,5,1
247,6,1
247,7,1
247,8,1
247,9,1
247,10,1
247,11,1
247,12,1
247,13,1
247,14,1
247,15,1
247,16,1
247,17,1
247,18,1
247,19,1
247,20,1
247,21,1
247,22,1
247,23,1
247,24,1
247,25,1
247,26,1
247,27,1
247,28,1
247,29,1
247,30,1
247,31,1
247,32,1
247,33,1
247,34,1
247,35,1
247,36,1
248,0,1
248,1,1
248,2,1
248,3,1
248,4,1
248,5,1
248,6,1
248,7,1
248,8,1
248,9,1
248,10,1
248,11,1
248,12,1
248,13,1
248,14,1
248,15,1
248,16,1
248,17,1
248,18,1
248,19,1
248,20,1
248,21,1
248,22,1
248,23,1
248,24,1
248,25,1
248,26,1
248,27,1
248,28,1
248,29,1
248,30,1
248,31,1
248,32,1
248,33,1
248,34,1
248,35,1
248,36,1
249,0,1
249,1,1
249,2,1
249,3,1
249,4,1
249,5,1
249,6,1
249,7,1
249,8,1
249,9,1
249,10,1
249,11,1
249,12,1
249,13,1
249,14,1
249,15,1
249,16,1
249,17,1
249,18,1
249,19,1
249,20,1
249,21,1
249,22,1
249,23,1
249,24,1
249,25,1
249,26,1
249,27,1
249,28,1
249,29,1
249,30,1
249,31,1
249,32,1
249,33,1
249,34,1
249,35,1
249,36,1
250,0,1
250,1,1
250,2,1
250,3,1
250,4,1
250,5,1
250,6,1
250,7,1
250,8,1
250,9,1
250,10,1
250,11,1
250,12,1
250,13,1
250,14,1
250,15,1
250,16,1
250,17,1
250,18,1
250,19,1
250,20,1
250,21,1
250,22,1
250,23,1
250,24,1
250,25,1
250,26,1
250,27,1
250,28,1
250,29,1
250,30,1
250,31,1
250,32,1
250,33,1
250,34,1
250,35,1
250,36,1
251,0,1
251,1,1
251,2,1
251,3,1
251,4,1
251,5,1
251,6,1
251,7,1
251,8,1
251,9,1
251,10,1
251,11,1
251,12,1
251,13,1
251,14,1
251,15,1
251,16,1
251,17,1
251,18,1
251,19,1
251,20,1
251,21,1
251,22,1
251,23,1
251,24,1
251,25,1
251,26,1
251,27,1
251,28,1
251,29,1
251,30,1
251,31,1
251,32,1
251,33,1
251,34,1
251,35,1
251,36,1
252,0,1
252,1,1
252,2,1
252,3,1
252,4,1
252,5,1
252,6,1
252,7,1
252,8,1
252,9,1
252,10,1
252,11,1
252,12,1
252,13,1
252,14,1
252,15,1
252,16,1
252,17,1
252,18,1
252,19,1
252,20,1
252,21,1
252,22,1
252,23,1
252,24,1
252,25,1
252,26,1
252,27,1
252,28,1
252,29,1
252,30,1
252,31,1
252,32,1
252,33,1
252,34,1
252,35,1
252,36,1
253,0,1
253,1,1
253,2,1
253,3,1
253,4,1
253,5,1
253,6,1
253,7,1
253,8,1
253,9,1
253,10,1
253,11,1
253,12,1
253,13,1
253,14,1
253,15,1
253,16,1
253,17,1
253,18,1
253,19,1
253,20,1
253,21,1
253,22,1
253,23,1
253,24,1
253,25,1
253,26,1
253,27,1
253,28,1
253,29,1
253,30,1
253,31,1
253,32,1
253,33,1
253,34,1
253,35,1
253,36,1
253,37,1
253,38,1
253,39,1
253,40,1
253,41,1
253,42,1
253,43,1
253,44,1
253,45,1
253,46,1
253,47,1
253,48,1
253,49,1
253,50,1
253,51,1
253,52,1
253,53,1
253,54,1
253,55,1
253,56,1
253,57,1
253,58,1
253,59,1
254,0,1
254,1,1
254,2,1
254,3,1
254,4,1
254,5,1
254,6,1
254,7,1
254,8,1
254,9,1
254,10,1
254,11,1
254,12,1
254,13,1
254,14,1
254,15,1
254,16,1
254,17,1
254,18,1
254,19,1
254,20,1
254,21,1
254,22,1
254,23,1
254,24,1
254,25,1
254,26,1
254,27,1
254,28,1
254,29,1
254,30,1
254,31,1
254,32,1
254,33,1
254,34,1
254,35,1
254,36,1
254,37,1
254,38,1
254,39,1
254,40,1
254,41,1
254,42,1
254,43,1
254,44,1
254,45,1
254,46,1
254,47,1
254,48,1
254,49,1
254,50,1
254,51,1
254,52,1
254,53,1
254,54,1
254,55,1
254,56,1
254,57,1
254,58,1
254,59,1
255,0,1.97058823529412
255,1,1
255,2,1
255,3,1
255,4,1
255,5,2
255,6,1
255,7,1
255,8,1
255,9,1
255,10,1.97222222222222
255,11,1
255,12,1
255,13,1
255,14,1
255,15,1.97222222222222
255,16,1.96774193548387
255,17,1.96296296296296
255,18,1.96
255,19,1.96296296296296
256,0,1.98461538461538
256,1,1.35365853658537
256,2,1.125
256,3,1
256,4,0.78125
256,5,1.98461538461538
256,6,1.35365853658537
256,7,1.125
256,8,1
256,9,0.78125
256,10,1.97058823529412
256,11,1.33333333333333
256,12,1.13513513513514
256,13,1
256,14,0.777777777777778
257,0,1.42045454545455
257,1,1.42045454545455
257,2,1.41573033707865
257,3,1.41573033707865
257,4,1.41573033707865
257,5,1.42201834862385
257,6,1.42592592592593
257,7,1.42592592592593
257,8,1.42452830188679
257,9,1.42056074766355
257,10,1.41836734693878
257,11,1.42268041237113
257,12,1.41836734693878
257,13,1.42857142857143
257,14,1.41836734693878
257,15,1.42391304347826
257,16,1.42391304347826
257,17,1.42391304347826
257,18,1.41935483870968
257,19,1.42391304347826
258,0,1.98809523809524
258,1,1.35365853658537
258,2,1.11111111111111
258,3,0.8
258,4,0.602409638554217
258,5,1.98809523809524
258,6,1.35365853658537
258,7,1.11111111111111
258,8,0.8
258,9,0.602409638554217
258,10,1.97619047619048
258,11,1.3469387755102
258,12,1.1
258,13,0.811320754716981
258,14,0.6
259,0,1.36842105263158
259,1,1.375
259,2,1.36363636363636
259,3,1.35714285714286
259,4,1.375
259,5,1.36893203883495
259,6,1.36792452830189
259,7,1.37383177570093
259,8,1.37142857142857
259,9,1.37142857142857
259,10,1.375
259,11,1.375
259,12,1.36842105263158
259,13,1.3695652173913
259,14,1.3695652173913
259,15,1.35185185185185
259,16,1.37254901960784
259,17,1.37254901960784
259,18,1.35294117647059
259,19,1.37254901960784
260,0,1.26984126984127
260,1,0.924242424242424
260,2,0.691176470588235
260,3,0.698412698412698
260,4,0.7
260,5,1.24358974358974
260,6,0.737373737373737
260,7,0.575757575757576
260,8,0.5
260,9,0.5
260,10,1.225
260,11,0.75
260,12,0.577777777777778
260,13,0.5
260,14,0.5
260,15,1.24
260,16,0.745762711864407
260,17,0.583333333333333
260,18,0.5
260,19,0.5
261,0,1.32
261,1,1.33333333333333
261,2,1.31746031746032
261,3,1.31578947368421
261,4,1.33333333333333
261,5,1.32727272727273
261,6,1.31578947368421
261,7,1.32758620689655
261,8,1.31578947368421
261,9,1.32692307692308
261,10,1.33333333333333
261,11,1.3265306122449
261,12,1.33333333333333
261,13,1.31372549019608
261,14,1.32608695652174
261,15,1.32608695652174
261,16,1.32
261,17,1.31481481481481
261,18,1.32692307692308
261,19,1.33333333333333
262,0,1.3625
262,1,1.36708860759494
262,2,1.35897435897436
262,3,1.36842105263158
262,4,1.36
262,5,1.36470588235294
262,6,1.37362637362637
262,7,1.37362637362637
262,8,1.36470588235294
262,9,1.36363636363636
262,10,1.36448598130841
262,11,1.36697247706422
262,12,1.36936936936937
262,13,1.3716814159292
262,14,1.36607142857143
262,15,1.36486486486487
262,16,1.36486486486487
262,17,1.36
262,18,1.36486486486487
262,19,1.375
263,0,1.18478260869565
263,1,1.18888888888889
263,2,1.18181818181818
263,3,1.18390804597701
263,4,1.18390804597701
263,5,1.18279569892473
263,6,1.18478260869565
263,7,1.17977528089888
263,8,1.18604651162791
263,9,1.18604651162791
263,10,1.18852459016393
263,11,1.18803418803419
263,12,1.1875
263,13,1.18691588785047
263,14,1.18018018018018
263,15,1.18478260869565
263,16,1.18888888888889
263,17,1.18181818181818
263,18,1.18604651162791
263,19,1.18390804597701
264,0,1
264,1,1
264,2,1
264,3,1
264,4,1
264,5,1
264,6,1
264,7,1
264,8,1
264,9,1
264,10,1
264,11,1
264,12,1
264,13,1
264,14,1
265,0,1.46913580246914
265,1,1
265,2,1
265,3,1
265,4,1
265,5,1.46666666666667
265,6,1
265,7,1
265,8,1
265,9,1
265,10,1.45070422535211
265,11,1
265,12,1
265,13,1
265,14,1
265,15,1.46052631578947
265,16,1
265,17,1
265,18,1
265,19,1
266,0,1.98076923076923
266,1,1
266,2,1
266,3,1
266,4,1
266,5,2
266,6,1
266,7,1
266,8,1
266,9,1
266,10,1.98076923076923
266,11,1
266,12,1
266,13,1
266,14,1
267,0,1.3625
267,1,1.3625
267,2,1.35897435897436
267,3,1.36363636363636
267,4,1.37333333333333
267,5,1.37373737373737
267,6,1.37373737373737
267,7,1.36734693877551
267,8,1.36842105263158
267,9,1.37234042553192
267,10,1.37373737373737
267,11,1.37373737373737
267,12,1.37373737373737
267,13,1.37
267,14,1.37
267,15,1.36486486486487
267,16,1.36
267,17,1.37333333333333
267,18,1.36
267,19,1.36986301369863
268,0,1
268,1,1
268,2,1
268,3,1
268,4,1
268,5,1
268,6,1
268,7,1
268,8,1
268,9,1
268,10,1
268,11,1
268,12,1
268,13,1
268,14,1
269,0,1
269,1,1
269,2,1
269,3,1
269,4,1
269,5,1
269,6,1
269,7,1
269,8,1
269,9,1
269,10,1
269,11,1
269,12,1
269,13,1
269,14,1
270,0,1.44871794871795
270,1,1.44871794871795
270,2,1.44303797468354
270,3,1.44871794871795
270,4,1.44871794871795
270,5,1.69158878504673
270,6,1.44761904761905
270,7,1.45192307692308
270,8,1.44660194174757
270,9,1
270,10,1.44827586206897
270,11,1.45348837209302
270,12,1.44186046511628
270,13,1.44186046511628
270,14,1.44186046511628
270,15,1.45
270,16,1.44303797468354
270,17,1.44303797468354
270,18,1.45454545454545
270,19,1.44155844155844
271,0,1
271,1,1
271,2,1
271,3,1
271,4,1
271,5,1
271,6,1
271,7,1
271,8,1
271,9,1
271,10,1
271,11,1
271,12,1
271,13,1
271,14,1
271,15,1
271,16,1
271,17,1
271,18,1
271,19,1
272,0,1.36904761904762
272,1,1.36144578313253
272,2,1.37037037037037
272,3,1.36708860759494
272,4,1.35897435897436
272,5,1.37634408602151
272,6,1.37362637362637
272,7,1.375
272,8,1.37209302325581
272,9,1.37209302325581
272,10,1.36708860759494
272,11,1.35897435897436
272,12,1.35897435897436
272,13,1.37333333333333
272,14,1.37333333333333
272,15,1.375
272,16,1.3625
272,17,1.36708860759494
272,18,1.36708860759494
272,19,1.36708860759494
273,0,1
273,1,1
273,2,1
273,3,1
273,4,1
273,5,1
273,6,1
273,7,1
273,8,1
273,9,1
273,10,1
273,11,1
273,12,1
273,13,1
273,14,1
274,0,1.36585365853659
274,1,1.37037037037037
274,2,1.375
274,3,1.3625
274,4,1.3625
274,5,1.36666666666667
274,6,1.36363636363636
274,7,1.375
274,8,1.36363636363636
274,9,1.37078651685393
274,10,1.35897435897436
274,11,1.37179487179487
274,12,1.35897435897436
274,13,1.37179487179487
274,14,1.375
274,15,1.36585365853659
274,16,1.37037037037037
274,17,1.36585365853659
274,18,1.37037037037037
274,19,1.37037037037037
275,0,1
275,1,1
275,2,1
275,3,1
275,4,1
275,5,1
275,6,1
275,7,1
275,8,1
275,9,1
275,10,1
275,11,1
275,12,1
275,13,1
275,14,1
276,0,1.36046511627907
276,1,1.37037037037037
276,2,1.35897435897436
276,3,1.36842105263158
276,4,1.36363636363636
276,5,1.36363636363636
276,6,1.375
276,7,1.375
276,8,1.37209302325581
276,9,1.36470588235294
276,10,1.37078651685393
276,11,1.37078651685393
276,12,1.37078651685393
276,13,1.36263736263736
276,14,1.37078651685393
276,15,1.3625
276,16,1.36363636363636
276,17,1.36363636363636
276,18,1.36842105263158
276,19,1.36
276,20,1.36538461538462
276,21,1.36448598130841
276,22,1.37383177570093
276,23,1.37037037037037
276,24,1.37142857142857
277,0,1.24175824175824
277,1,1.24175824175824
277,2,1.24444444444444
277,3,1.25
277,4,1.24137931034483
277,5,1.25
277,6,1.25
277,7,1.25471698113208
277,8,1.24242424242424
277,9,1.25274725274725
277,10,1.25274725274725
277,11,1.25274725274725
277,12,1.24719101123596
277,13,1.24731182795699
277,14,1.24719101123596
277,15,1.24390243902439
277,16,1.24096385542169
277,17,1.24390243902439
277,18,1.25
277,19,1.24358974358974
278,0,1
278,1,1
278,2,1
278,3,1
278,4,1
278,5,1
278,6,1
278,7,1
278,8,1
278,9,1
278,10,1
278,11,1
278,12,1
278,13,1
278,14,1
279,0,1.36904761904762
279,1,1.36144578313253
279,2,1.36585365853659
279,3,1.37037037037037
279,4,1.375
279,5,1.36470588235294
279,6,1.36470588235294
279,7,1.37037037037037
279,8,1.3625
279,9,1.36708860759494
279,10,1.37373737373737
279,11,1.37373737373737
279,12,1.37373737373737
279,13,1.37
279,14,1.37373737373737
279,15,1.37179487179487
279,16,1.36708860759494
279,17,1.3625
279,18,1.36708860759494
279,19,1.35897435897436
280,0,1.36666666666667
280,1,1.36363636363636
280,2,1.37209302325581
280,3,1.36904761904762
280,4,1.36470588235294
280,5,1.37078651685393
280,6,1.36666666666667
280,7,1.37078651685393
280,8,1.37209302325581
280,9,1.36470588235294
280,10,1.37234042553192
280,11,1.37634408602151
280,12,1.36842105263158
280,13,1.375
280,14,1.37113402061856
280,15,1.36470588235294
280,16,1.36904761904762
280,17,1.37349397590361
280,18,1.36904761904762
280,19,1.37349397590361
281,0,1.37209302325581
281,1,1.37209302325581
281,2,1.36904761904762
281,3,1.36144578313253
281,4,1.36144578313253
281,5,1.37606837606838
281,6,1.37606837606838
281,7,1.37606837606838
281,8,1.36752136752137
281,9,1.37068965517241
281,10,1.36607142857143
281,11,1.36607142857143
281,12,1.36842105263158
281,13,1.37068965517241
281,14,1.37068965517241
281,15,1.36470588235294
281,16,1.36904761904762
281,17,1.37349397590361
281,18,1.37349397590361
281,19,1.37349397590361
282,0,1.37179487179487
282,1,1.35897435897436
282,2,1.36363636363636
282,3,1.37333333333333
282,4,1.36486486486487
282,5,1.36559139784946
282,6,1.36458333333333
282,7,1.37234042553192
282,8,1.36666666666667
282,9,1.36046511627907
282,10,1.36363636363636
282,11,1.36363636363636
282,12,1.37373737373737
282,13,1.37373737373737
282,14,1.36470588235294
282,15,1.36986301369863
282,16,1.36486486486487
282,17,1.36
282,18,1.375
282,19,1.36619718309859
283,0,1.36144578313253
283,1,1.36585365853659
283,2,1.37037037037037
283,3,1.37037037037037
283,4,1.37037037037037
283,5,1.37037037037037
283,6,1.375
283,7,1.375
283,8,1.37037037037037
283,9,1.37037037037037
283,10,1.3625
283,11,1.37179487179487
283,12,1.36585365853659
283,13,1.36904761904762
283,14,1.36470588235294
283,15,1.375
283,16,1.3625
283,17,1.3625
283,18,1.375
283,19,1.375
284,0,1
284,1,1
284,2,1
284,3,1
284,4,1
284,5,1
284,6,1
284,7,1
284,8,1
284,9,1
284,10,1
284,11,1
284,12,1
284,13,1
284,14,1
284,15,1
284,16,1
284,17,1
284,18,1
284,19,1
284,20,1
284,21,1
284,22,1
284,23,1
285,0,1.36904761904762
285,1,1.36144578313253
285,2,1.37037037037037
285,3,1.375
285,4,1.36708860759494
285,5,1.36144578313253
285,6,1.37037037037037
285,7,1.37037037037037
285,8,1.36585365853659
285,9,1.37037037037037
285,10,1.37349397590361
285,11,1.36904761904762
285,12,1.37209302325581
285,13,1.37209302325581
285,14,1.36904761904762
285,15,1.36585365853659
285,16,1.37037037037037
285,17,1.3625
285,18,1.375
285,19,1.3625
286,0,1
286,1,1
286,2,1
286,3,1
286,4,1
286,5,1
286,6,1
286,7,1
286,8,1
286,9,1
286,10,1
286,11,1
286,12,1
286,13,1
286,14,1
286,15,1
286,16,1
286,17,1
286,18,1
286,19,1
287,0,1.37373737373737
287,1,1.36458333333333
287,2,1.36842105263158
287,3,1.36458333333333
287,4,1.36734693877551
287,5,1.36792452830189
287,6,1.37037037037037
287,7,1.37037037037037
287,8,1.37383177570093
287,9,1.37383177570093
287,10,1.36666666666667
287,11,1.36666666666667
287,12,1.36666666666667
287,13,1.37078651685393
287,14,1.37078651685393
287,15,1.36559139784946
287,16,1.37362637362637
287,17,1.37078651685393
287,18,1.36781609195402
287,19,1.37209302325581
288,0,1.37373737373737
288,1,1.36458333333333
288,2,1.36842105263158
288,3,1.375
288,4,1.36734693877551
288,5,1.36448598130841
288,6,1.37037037037037
288,7,1.36697247706422
288,8,1.37037037037037
288,9,1.37037037037037
288,10,1.36263736263736
288,11,1.36666666666667
288,12,1.36666666666667
288,13,1.36666666666667
288,14,1.36666666666667
288,15,1.37634408602151
288,16,1.37362637362637
288,17,1.37078651685393
288,18,1.36363636363636
288,19,1.36781609195402
289,0,1
289,1,1
289,2,1
289,3,1
289,4,1
289,5,1
289,6,1
289,7,1
289,8,1
289,9,1
289,10,1
289,11,1
289,12,1
289,13,1
289,14,1
290,0,1.37349397590361
290,1,1.37037037037037
290,2,1.36708860759494
290,3,1.37179487179487
290,4,1.35897435897436
290,5,1.36781609195402
290,6,1.37349397590361
290,7,1.36144578313253
290,8,1.36144578313253
290,9,1.37349397590361
290,10,1.3625
290,11,1.36708860759494
290,12,1.36585365853659
290,13,1.36585365853659
290,14,1.3625
290,15,1.37037037037037
290,16,1.36708860759494
290,17,1.37179487179487
290,18,1.37179487179487
290,19,1.37179487179487
291,0,1.36144578313253
291,1,1.36585365853659
291,2,1.3625
291,3,1.36708860759494
291,4,1.35897435897436
291,5,1.3625
291,6,1.3625
291,7,1.3625
291,8,1.36708860759494
291,9,1.37179487179487
291,10,1.36708860759494
291,11,1.36708860759494
291,12,1.3625
291,13,1.37037037037037
291,14,1.36904761904762
291,15,1.375
291,16,1.36708860759494
291,17,1.37179487179487
291,18,1.36708860759494
291,19,1.37179487179487
292,0,1.36585365853659
292,1,1.37037037037037
292,2,1.36708860759494
292,3,1.37179487179487
292,4,1.35897435897436
292,5,1.37634408602151
292,6,1.37362637362637
292,7,1.375
292,8,1.36781609195402
292,9,1.36781609195402
292,10,1.37179487179487
292,11,1.36585365853659
292,12,1.36585365853659
292,13,1.3625
292,14,1.36585365853659
292,15,1.3625
292,16,1.36708860759494
292,17,1.37179487179487
292,18,1.37179487179487
292,19,1.37179487179487
293,0,1.37362637362637
293,1,1.36781609195402
293,2,1.36144578313253
293,3,1.36144578313253
293,4,1.375
293,5,1.36633663366337
293,6,1.3695652173913
293,7,1.37078651685393
293,8,1.36781609195402
293,9,1.36781609195402
293,10,1.36144578313253
293,11,1.37349397590361
293,12,1.36470588235294
293,13,1.36363636363636
293,14,1.36470588235294
293,15,1.375
293,16,1.37078651685393
293,17,1.36363636363636
293,18,1.37209302325581
293,19,1.36781609195402
295,0,1
295,1,1
295,2,1
295,3,1
295,4,1
295,5,1
295,6,1
295,7,1
295,8,1
295,9,1
295,10,1
295,11,1
295,12,1
295,13,1
295,14,1
296,0,1.37068965517241
296,1,1.36752136752137
296,2,1.36521739130435
296,3,1.37272727272727
296,4,1.37037037037037
296,5,1.36752136752137
296,6,1.36752136752137
296,7,1.37391304347826
296,8,1.36936936936937
296,9,1.37037037037037
296,10,1.37614678899083
296,11,1.37142857142857
296,12,1.37254901960784
296,13,1.37113402061856
296,14,1.37373737373737
297,0,1.62903225806452
297,1,1
297,2,1
297,3,1
297,4,1
297,5,1.63636363636364
297,6,1
297,7,1
297,8,1
297,9,1
297,10,1.6219512195122
297,11,1
297,12,1
297,13,1
297,14,1
298,0,1
298,1,1
298,2,1
298,3,1
298,4,1
298,5,1
298,6,1
298,7,1
298,8,1
298,9,1
299,0,1.36144578313253
299,1,1.36585365853659
299,2,1.37037037037037
299,3,1.37037037037037
299,4,1.37037037037037
299,5,1.37037037037037
299,6,1.375
299,7,1.375
299,8,1.37037037037037
299,9,1.37037037037037
299,10,1.3625
299,11,1.37179487179487
299,12,1.36585365853659
299,13,1.36904761904762
299,14,1.36470588235294
299,15,1.375
299,16,1.3625
299,17,1.3625
299,18,1.375
299,19,1.375
300,0,1
300,1,1
300,2,1
300,3,1
300,4,1
300,5,1
300,6,1
300,7,1
300,8,1
300,9,1
300,10,1
300,11,1
300,12,1
300,13,1
300,14,1
300,15,1
301,0,0.666666666666667
301,1,0.666666666666667
301,2,0.666666666666667
301,3,0.666666666666667
301,4,0.666666666666667
301,5,0.666666666666667
301,6,0.672413793103448
301,7,0.666666666666667
301,8,0.666666666666667
301,9,0.666666666666667
301,10,0.676470588235294
301,11,0.666666666666667
301,12,0.681818181818182
301,13,0.666666666666667
301,14,0.666666666666667
301,15,0.666666666666667
301,16,0.666666666666667
301,17,0.666666666666667
301,18,0.68
301,19,0.670886075949367
301,20,0.681818181818182
301,21,0.670886075949367
301,22,0.666666666666667
301,23,0.68421052631579
302,0,1
302,1,1
302,2,1
302,3,1
302,4,1
302,5,1
302,6,1
302,7,1
302,8,1
302,9,1
302,10,1
302,11,1
302,12,1
302,13,1
302,14,1
302,15,1
302,16,1
302,17,1
302,18,1
302,19,1
302,20,1
302,21,1
302,22,1
302,23,1
302,24,1
302,25,1
302,26,1
302,27,1
302,28,1
302,29,1
302,30,1
302,31,1
302,32,1
302,33,1
302,34,1
302,35,1
302,36,1
302,37,1
302,38,1
302,39,1
302,40,1
302,41,1
302,42,1
302,43,1
302,44,1
302,45,1
302,46,1
302,47,1
302,48,1
302,49,1
302,50,1
302,51,1
302,52,1
302,53,1
302,54,1
302,55,1
303,0,1
303,1,1
303,2,1
303,3,1
303,4,1
303,5,1
303,6,1
303,7,1
303,8,1
303,9,1
303,10,1
303,11,1
303,12,1
303,13,1
303,14,1
303,15,1
303,16,1
303,17,1
303,18,1
303,19,1
303,20,1
303,21,1
303,22,1
303,23,1
303,24,1
303,25,1
303,26,1
303,27,1
303,28,1
303,29,1
303,30,1
303,31,1
303,32,1
303,33,1
303,34,1
303,35,1
303,36,1
303,37,1
303,38,1
303,39,1
303,40,1
303,41,1
303,42,1
303,43,1
303,44,1
303,45,1
303,46,1
303,47,1
303,48,1
303,49,1
303,50,1
303,51,1
303,52,1
303,53,1
303,54,1
303,55,1
304,0,1
304,1,1
304,2,1
304,3,1
304,4,1
304,5,1
304,6,1
304,7,1
304,8,1
304,9,1
304,10,1
304,11,1
304,12,1
304,13,1
304,14,1
304,15,1
304,16,1
304,17,1
304,18,1
304,19,1
304,20,1
304,21,1
304,22,1
304,23,1
304,24,1
304,25,1
304,26,1
304,27,1
304,28,1
304,29,1
304,30,1
304,31,1
304,32,1
304,33,1
304,34,1
304,35,1
304,36,1
304,37,1
304,38,1
304,39,1
304,40,1
304,41,1
304,42,1
304,43,1
304,44,1
304,45,1
304,46,1
304,47,1
304,48,1
304,49,1
304,50,1
304,51,1
304,52,1
304,53,1
304,54,1
304,55,1
305,0,1.36842105263158
305,1,1.34375
305,2,1.35294117647059
306,0,1.31818181818182
306,1,1.37142857142857
306,2,1.35714285714286
306,3,1.36363636363636
306,4,1.34285714285714
306,5,1.35135135135135
307,0,1
307,1,1
307,2,1
307,3,1
308,0,1
308,1,1
308,2,1
308,3,1
309,0,1
309,1,1
309,2,1
309,3,1
309,4,1
310,0,1
310,1,1
310,2,1
310,3,1
310,4,1
311,0,1
311,1,1
311,2,1
311,3,1
311,4,1
312,0,1
312,1,1
312,2,1
312,3,1
313,0,1
313,1,1
313,2,1
313,3,1
314,0,1
314,1,1
314,2,1
314,3,1
315,0,1
315,1,1
315,2,1
315,3,1
316,0,1
316,1,1
316,2,1
316,3,1
316,4,1
317,0,1
317,1,1
317,2,1
318,0,1
318,1,1
318,2,1
319,0,1
319,1,1
319,2,1
319,3,1
319,4,1
320,0,1
320,1,1
320,2,1
320,3,1
320,4,1
321,0,1
321,1,1
321,2,1
321,3,1
321,4,1
321,5,1
321,6,1
321,7,1
321,8,1
321,9,1
322,0,1
322,1,1
322,2,1
322,3,1
322,4,1
323,0,1
323,1,1
323,2,1
323,3,1
323,4,1
324,0,1
324,1,1
324,2,1
324,3,1
324,4,1
325,0,1
325,1,1
325,2,1
325,3,1
325,4,1
325,5,1
325,6,1
325,7,1
326,0,1
326,1,1
326,2,1
326,3,1
327,0,1
327,1,1
327,2,1
327,3,1
328,0,1
328,1,1
328,2,1
328,3,1
328,4,1
329,0,1
329,1,1
329,2,1
329,3,1
329,4,1
330,0,1
330,1,1
330,2,1
330,3,1
330,4,1
331,0,1
331,1,1
331,2,1
331,3,1
332,0,1
332,1,1
332,2,1
332,3,1
333,0,1
333,1,1
333,2,1
333,3,1
333,4,1
333,5,1
333,6,1
333,7,1
333,8,1
333,9,1
333,10,1
333,11,1
333,12,1
333,13,1
333,14,1
333,15,1
333,16,1
333,17,1
333,18,1
334,0,1.41111111111111
334,1,1.4
334,2,1.52564102564103
334,3,1.52439024390244
334,4,1.52439024390244
334,5,1.41379310344828
334,6,1.98484848484848
334,7,1.52
334,8,1.5421686746988
334,9,1.54054054054054
334,10,1.53012048192771
334,11,1.53846153846154
334,12,1.52380952380952
334,13,1.52439024390244
334,14,1.7283950617284
334,15,1.9875
334,16,1.9875
334,17,1.40449438202247
334,18,1.40909090909091
334,19,1.98765432098765
334,20,2
334,21,2
335,0,1
335,1,1
335,2,1
335,3,1
336,0,1
336,1,1
336,2,1
336,3,1
337,0,1
337,1,1
337,2,1
337,3,1
337,4,1
338,0,1
338,1,1
338,2,1
338,3,1
339,0,1
339,1,1
339,2,1
339,3,1
340,0,1
340,1,1
340,2,1
340,3,1
340,4,1
341,0,1
341,1,1
341,2,1
341,3,1
342,0,1
342,1,1
342,2,1
342,3,1
343,0,1
343,1,1
343,2,1
343,3,1
344,0,1
344,1,1
344,2,1
344,3,1
344,4,1
345,0,1
345,1,1
345,2,1
345,3,1
346,0,1.60493827160494
346,1,1.52439024390244
346,2,1.52564102564103
346,3,1.54117647058824
346,4,1.53246753246753
346,5,1.53846153846154
346,6,1.52
346,7,1.40909090909091
346,8,1.53086419753086
346,9,1.52564102564103
346,10,1.53571428571429
346,11,1.40659340659341
346,12,1.5421686746988
346,13,1.53658536585366
346,14,1.5421686746988
346,15,1.52380952380952
346,16,1.39622641509434
346,17,1.40816326530612
346,18,1.53968253968254
346,19,1.9875
346,20,1.9875
346,21,2
346,22,2
347,0,1
347,1,1
347,2,1
347,3,1
348,0,1
348,1,1
348,2,1
348,3,1
348,4,1
348,5,1
349,0,1
349,1,1
349,2,1
349,3,1
350,0,1
350,1,1
350,2,1
350,3,1
351,0,1
351,1,1
351,2,1
351,3,1
352,0,1
352,1,1
352,2,1
352,3,1
353,0,1
353,1,1
353,2,1
353,3,1
354,0,1
354,1,1
354,2,1
354,3,1
355,0,1
355,1,1
355,2,1
355,3,1
356,0,1
356,1,1
356,2,1
356,3,1
357,0,1
357,1,1.41111111111111
357,2,1.53012048192771
357,3,1.40659340659341
357,4,1.5421686746988
357,5,1.53703703703704
357,6,1.525
357,7,1.40740740740741
357,8,1.53409090909091
357,9,1.52439024390244
357,10,1.54117647058824
357,11,1.53488372093023
357,12,1.9875
357,13,1.9875
357,14,1.98823529411765
357,15,2
358,0,1
358,1,1
358,2,1
358,3,1
359,0,1
359,1,1
359,2,1
359,3,1
360,0,1
360,1,1
360,2,1
360,3,1
360,4,1
361,0,1
361,1,1
361,2,1
361,3,1
362,0,1
362,1,1
362,2,1
362,3,1
363,0,1
363,1,1
363,2,1
363,3,1
363,4,1
364,0,1
364,1,1
364,2,1
364,3,1
365,0,1
365,1,1
365,2,1
365,3,1
366,0,1
366,1,1
366,2,1
366,3,1
366,4,1
368,0,1
368,1,1
368,2,1
368,3,1
368,4,1
368,5,1
368,6,1
368,7,1
368,8,1
368,9,1
369,0,1
369,1,1
369,2,1
369,3,1
370,0,1
370,1,1
370,2,1
370,3,1
371,0,1
371,1,1
371,2,1
371,3,1
371,4,1
371,5,1
371,6,1
371,7,1
371,8,1
371,9,1
371,10,1
371,11,1
372,0,1
372,1,1
372,2,1
372,3,1
372,4,1
374,0,1
374,1,1
374,2,1
374,3,1
375,0,1
375,1,1
376,0,1
376,1,1
377,0,1
377,1,1
378,0,1
378,1,1
379,0,1
379,1,1
380,0,1.96551724137931
380,1,1
380,2,1
380,3,1
380,4,1
380,5,1
380,6,1
380,7,1
381,0,1.37037037037037
381,1,1.375
381,2,1.375
381,3,1.375
381,4,1.3625
381,5,2.08860759493671
382,0,1.37037037037037
382,1,1.375
382,2,1.375
382,3,1.375
382,4,1.3625
382,5,2.08860759493671
383,0,1.37037037037037
383,1,1.375
383,2,1.375
383,3,1.375
383,4,1.3625
383,5,2.07594936708861
384,0,1.37037037037037
384,1,1.375
384,2,1.375
384,3,1.375
384,4,1.3625
384,5,2.0875
385,0,1.375
385,1,1.375
385,2,1.375
385,3,1.375
385,4,1.3625
385,5,2.08974358974359
386,0,1.37037037037037
386,1,1.375
386,2,1.375
386,3,1.375
386,4,1.3625
386,5,2.08860759493671
387,0,1.37037037037037
387,1,1.375
387,2,1.375
387,3,1.375
387,4,1.3625
387,5,2.07594936708861
388,0,1.375
388,1,1.375
388,2,1.375
388,3,1.375
388,4,1.375
388,5,2.07594936708861
389,0,1.36585365853659
389,1,1.37037037037037
389,2,1.37037037037037
389,3,1.37037037037037
389,4,1.375
389,5,2.08860759493671
390,0,1.37037037037037
390,1,1.375
390,2,1.375
390,3,1.375
390,4,1.3625
390,5,2.07594936708861
391,0,1.375
391,1,1.375
391,2,1.375
391,3,1.375
391,4,1.3625
391,5,2.075
392,0,1.40963855421687
392,1,1.39759036144578
392,2,1.39759036144578
392,3,1.40963855421687
392,4,1.4047619047619
392,5,2.18292682926829
393,0,1.37037037037037
393,1,1.375
393,2,1.375
393,3,1.375
393,4,1.3625
393,5,2.0875
394,0,1.3625
394,1,1.3625
394,2,1.3625
394,3,1.3625
394,4,1.3625
394,5,2.075
395,0,1.39759036144578
395,1,1.40243902439024
395,2,1.40740740740741
395,3,1.39759036144578
395,4,1.39759036144578
395,5,2.18518518518519
396,0,1.36904761904762
396,1,1.37349397590361
396,2,1.37349397590361
396,3,1.36904761904762
396,4,1.36470588235294
396,5,2.0952380952381
397,0,1.37037037037037
397,1,1.375
397,2,1.375
397,3,1.375
397,4,1.375
397,5,2.075
398,0,1.37037037037037
398,1,1.37037037037037
398,2,1.375
398,3,1.37037037037037
398,4,1.37037037037037
398,5,2.08974358974359
399,0,1.36904761904762
399,1,1.36470588235294
399,2,1.36144578313253
399,3,1.37037037037037
399,4,1.3625
399,5,1.36538461538462
399,6,1.36538461538462
399,7,1.36538461538462
399,8,1.36538461538462
399,9,1.37254901960784
399,10,1.36842105263158
399,11,1.36842105263158
399,12,1.375
399,13,1.36734693877551
399,14,1.36734693877551
399,15,1.36585365853659
399,16,1.36585365853659
399,17,1.36585365853659
399,18,1.36585365853659
399,19,1.37037037037037
400,0,1.375
400,1,1.37142857142857
400,2,1.34375
400,3,1.375
400,4,1.35135135135135
400,5,1.36111111111111
400,6,1.34375
401,0,1.31818181818182
401,1,1.36666666666667
401,2,1.36585365853659
401,3,1.375
401,4,1.36
401,5,1.35555555555556
402,0,1
402,1,1
402,2,1
402,3,1
402,4,1
402,5,1
402,6,1
402,7,1
402,8,1
402,9,1
402,10,1
402,11,1
402,12,1
402,13,1
402,14,1
402,15,1
402,16,1
402,17,1
402,18,1
402,19,1
402,20,1
402,21,1
402,22,1
402,23,1
402,24,1
402,25,1
402,26,1
402,27,1
402,28,1
402,29,1
402,30,1
402,31,1
402,32,1
402,33,1
402,34,1
402,35,1
402,36,1
402,37,1
402,38,1
402,39,1
402,40,1
402,41,1
402,42,1
402,43,1
402,44,1
402,45,1
402,46,1
402,47,1
402,48,1
402,49,1
402,50,1
402,51,1
402,52,1
402,53,1
402,54,1
402,55,1
403,0,1
403,1,1
403,2,1
403,3,1
403,4,1
403,5,1
403,6,1
403,7,1
403,8,1
403,9,1
403,10,1
403,11,1
403,12,1
403,13,1
403,14,1
403,15,1
403,16,1
403,17,1
403,18,1
403,19,1
403,20,1
403,21,1
403,22,1
403,23,1
403,24,1
403,25,1
403,26,1
403,27,1
403,28,1
403,29,1
403,30,1
403,31,1
403,32,1
403,33,1
403,34,1
403,35,1
403,36,1
403,37,1
403,38,1
403,39,1
403,40,1
403,41,1
403,42,1
403,43,1
403,44,1
403,45,1
403,46,1
403,47,1
403,48,1
403,49,1
403,50,1
403,51,1
403,52,1
403,53,1
403,54,1
403,55,1
404,0,1
404,1,1
404,2,1
404,3,1
404,4,1
404,5,1
404,6,1
404,7,1
404,8,1
404,9,1
404,10,1
404,11,1
404,12,1
404,13,1
404,14,1
404,15,1
404,16,1
404,17,1
404,18,1
404,19,1
404,20,1
404,21,1
404,22,1
404,23,1
404,24,1
404,25,1
404,26,1
404,27,1
404,28,1
404,29,1
404,30,1
404,31,1
404,32,1
404,33,1
404,34,1
404,35,1
404,36,1
404,37,1
404,38,1
404,39,1
404,40,1
404,41,1
404,42,1
404,43,1
404,44,1
404,45,1
404,46,1
404,47,1
404,48,1
404,49,1
404,50,1
404,51,1
404,52,1
404,53,1
404,54,1
404,55,1
405,0,1.375
405,1,1.36363636363636
405,2,1.34375
405,3,1.375
406,0,1.35294117647059
406,1,1.36
406,2,1.36666666666667
406,3,1.34210526315789
406,4,1.34615384615385
406,5,2
407,0,1
407,1,1
407,2,1
407,3,1
408,0,1
408,1,1
408,2,1
408,3,1
409,0,1
409,1,1
409,2,1
409,3,1
409,4,1
410,0,1
410,1,1
410,2,1
410,3,1
411,0,1
411,1,1
411,2,1
411,3,1
411,4,1
412,0,1
412,1,1
412,2,1
412,3,1
413,0,1
413,1,1
413,2,1
413,3,1
414,0,1
414,1,1
414,2,1
414,3,1
415,0,1
415,1,1
415,2,1
415,3,1
416,0,1
416,1,1
416,2,1
416,3,1
416,4,1
417,0,1
417,1,1
417,2,1
418,0,1
418,1,1
418,2,1
419,0,1
419,1,1
419,2,1
419,3,1
419,4,1
420,0,1
420,1,1
420,2,1
420,3,1
420,4,1
422,0,1
422,1,1
422,2,1
422,3,1
422,4,1
423,0,1
423,1,1
423,2,1
423,3,1
423,4,1
424,0,1
424,1,1
424,2,1
424,3,1
424,4,1
425,0,1
425,1,1
425,2,1
425,3,1
425,4,1
425,5,1
425,6,1
425,7,1
426,0,1
426,1,1
426,2,1
426,3,1
427,0,1
427,1,1
427,2,1
427,3,1
428,0,1
428,1,1
428,2,1
428,3,1
428,4,1
429,0,1
429,1,1
429,2,1
429,3,1
429,4,1
430,0,1
430,1,1
430,2,1
430,3,1
430,4,1
431,0,1
431,1,1
431,2,1
431,3,1
431,4,1
431,5,1
431,6,1
431,7,1
431,8,1
431,9,1
432,0,1
432,1,1
432,2,1
432,3,1
432,4,1
432,5,1
432,6,1
432,7,1
432,8,1
432,9,1
432,10,1
432,11,1
432,12,1
432,13,1
432,14,1
432,15,1
432,16,1
432,17,1
432,18,1
432,19,1
432,20,1
432,21,1
432,22,1
432,23,1
432,24,1
432,25,1
432,26,1
433,0,1
433,1,1
433,2,1
433,3,1
433,4,1
433,5,1
433,6,1
433,7,1
433,8,1
433,9,1
433,10,1
433,11,1
433,12,1
433,13,1
433,14,1
433,15,1
433,16,1
433,17,1
433,18,1
433,19,1
433,20,1
433,21,1
433,22,1
433,23,1
433,24,1
433,25,1
433,26,1
434,0,2
434,1,1
434,2,1
434,3,1
434,4,1
434,5,1
434,6,1
434,7,1
435,0,1
435,1,1
435,2,1
435,3,1
437,0,1
437,1,1
437,2,1
437,3,1
437,4,1
438,0,1
438,1,1
438,2,1
438,3,1
439,0,1
439,1,1
439,2,1
439,3,1
440,0,1
440,1,1
440,2,1
440,3,1
440,4,1
442,0,1
442,1,1
442,2,1
442,3,1
443,0,1
443,1,1
443,2,1
443,3,1
444,0,1
444,1,1
444,2,1
444,3,1
444,4,1
445,0,1
445,1,1
445,2,1
445,3,1
446,0,1
446,1,1
446,2,1
447,0,1
447,1,1
447,2,1
447,3,1
448,0,1
448,1,1
448,2,1
448,3,1
448,4,1
448,5,1
449,0,1
449,1,1
449,2,1
449,3,1
450,0,1
450,1,1
450,2,1
450,3,1
450,4,1
450,5,1
450,6,1
450,7,1
450,8,1
450,9,1
450,10,1
450,11,1
450,12,1
450,13,1
450,14,1
450,15,1
451,0,1.375
451,1,1.375
451,2,1.375
451,3,1.375
451,4,1.375
451,5,2.075
452,0,1.36470588235294
452,1,1.36904761904762
452,2,1.36904761904762
452,3,1.36470588235294
452,4,1.36046511627907
452,5,2.09411764705882
453,0,1.40243902439024
453,1,1.40740740740741
453,2,1.40740740740741
453,3,1.40243902439024
453,4,1.39759036144578
453,5,2.1625
454,0,1.35897435897436
454,1,1.37179487179487
454,2,1.35897435897436
454,3,1.35897435897436
454,4,1.36363636363636
454,5,2
455,0,1.37037037037037
455,1,1.375
455,2,1.375
455,3,1.375
455,4,1.375
455,5,2.18421052631579
456,0,1.40963855421687
456,1,1.39759036144578
456,2,1.39759036144578
456,3,1.40963855421687
456,4,1.4047619047619
456,5,2.1625
457,0,1.36065573770492
457,1,1.3728813559322
457,2,1.36842105263158
457,3,1.35714285714286
457,4,1.375
457,5,1.36893203883495
457,6,1.36792452830189
457,7,1.37383177570093
457,8,1.37142857142857
457,9,1.37142857142857
457,10,1.375
457,11,1.375
457,12,1.36842105263158
457,13,1.3695652173913
457,14,1.3695652173913
457,15,1.35185185185185
457,16,1.37254901960784
457,17,1.37254901960784
457,18,1.35294117647059
457,19,1.37254901960784
458,0,1
458,1,1
458,2,1
458,3,1
459,0,1
459,1,1
459,2,1
459,3,1
460,0,1
460,1,1
460,2,1
460,3,1
460,4,1
461,0,1
461,1,1
461,2,1
461,3,1
462,0,1
462,1,1
462,2,1
462,3,1
463,0,1
463,1,1
463,2,1
463,3,1
463,4,1
464,0,1
464,1,1
464,2,1
464,3,1
465,0,1
465,1,1
465,2,1
465,3,1
466,0,1
466,1,1
466,2,1
466,3,1
466,4,1
467,0,1
467,1,1
467,2,1
467,3,1
467,4,1
467,5,1
467,6,1
467,7,1
468,0,1
468,1,1
468,2,1
468,3,1
468,4,1
468,5,1
468,6,1
468,7,1
468,8,1
468,9,1
469,0,1
469,1,1
469,2,1
469,3,1
470,0,1
470,1,1
470,2,1
470,3,1
473,0,1.42307692307692
473,1,1
473,2,1
473,3,1
473,4,1
473,5,1.425
473,6,1
473,7,1
473,8,1
473,9,1
473,10,1.4125
473,11,1
473,12,1
473,13,1
473,14,1
474,0,1
474,1,1
474,2,1
474,3,1
475,0,1.36585365853659
475,1,1.36585365853659
475,2,1.37037037037037
475,3,1.37037037037037
475,4,1.37037037037037
475,5,1.375
475,6,1.36538461538462
475,7,1.375
475,8,1.36792452830189
475,9,1.37142857142857
475,10,1.36363636363636
475,11,1.37373737373737
475,12,1.36893203883495
475,13,1.36792452830189
475,14,1.36448598130841
475,15,1.375
475,16,1.3625
475,17,1.3625
475,18,1.375
475,19,1.375
475,20,1.36585365853659
475,21,1.375
475,22,1.375
475,23,1.37037037037037
475,24,1.3625
475,25,1.37
475,26,1.37373737373737
475,27,1.37113402061856
475,28,1.37234042553192
475,29,1.37623762376238
476,0,1.36734693877551
476,1,1.37234042553192
476,2,1.36666666666667
476,3,1.37078651685393
476,4,1.36263736263736
476,5,1.37113402061856
476,6,1.375
476,7,1.37234042553192
476,8,1.36842105263158
476,9,1.37634408602151
476,10,1.37078651685393
476,11,1.36666666666667
476,12,1.37362637362637
476,13,1.36559139784946
476,14,1.37634408602151
476,15,1.37362637362637
476,16,1.37078651685393
476,17,1.36781609195402
476,18,1.36363636363636
476,19,1.36781609195402
476,20,1.37007874015748
476,21,1.368
476,22,1.368
476,23,1.37096774193548
476,24,1.37096774193548
477,0,1.37209302325581
477,1,1.36046511627907
477,2,1.37209302325581
477,3,1.37209302325581
477,4,1.37209302325581
477,5,1.37
477,6,1.37373737373737
477,7,1.37373737373737
477,8,1.37373737373737
477,9,1.36734693877551
477,10,1.36263736263736
477,11,1.36263736263736
477,12,1.36559139784946
477,13,1.36842105263158
477,14,1.375
477,15,1.37349397590361
477,16,1.36585365853659
477,17,1.36904761904762
477,18,1.36046511627907
477,19,1.36470588235294
477,20,1.37
477,21,1.37373737373737
477,22,1.37113402061856
477,23,1.37234042553192
477,24,1.37634408602151
478,0,1.36904761904762
478,1,1.37349397590361
478,2,1.37037037037037
478,3,1.375
478,4,1.3625
478,5,1.375
478,6,1.36538461538462
478,7,1.37254901960784
478,8,1.37623762376238
478,9,1.37623762376238
478,10,1.37234042553192
478,11,1.37634408602151
478,12,1.36842105263158
478,13,1.375
478,14,1.37113402061856
478,15,1.36585365853659
478,16,1.37037037037037
478,17,1.375
478,18,1.37037037037037
478,19,1.375
478,20,1.36633663366337
478,21,1.37373737373737
478,22,1.37113402061856
478,23,1.37234042553192
478,24,1.36842105263158
479,0,1.36144578313253
479,1,1.36585365853659
479,2,1.37037037037037
479,3,1.37037037037037
479,4,1.37037037037037
479,5,1.37209302325581
479,6,1.37209302325581
479,7,1.36904761904762
479,8,1.37349397590361
479,9,1.37037037037037
479,10,1.36363636363636
479,11,1.375
479,12,1.36263736263736
479,13,1.36559139784946
479,14,1.3695652173913
479,15,1.375
479,16,1.3625
479,17,1.3625
479,18,1.375
479,19,1.375
479,20,1.37
479,21,1.37373737373737
479,22,1.37113402061856
479,23,1.37234042553192
479,24,1.37634408602151
480,0,1.36470588235294
480,1,1.37349397590361
480,2,1.37037037037037
480,3,1.375
480,4,1.3625
480,5,1.36144578313253
480,6,1.37349397590361
480,7,1.36585365853659
480,8,1.375
480,9,1.375
480,10,1.36046511627907
480,11,1.36470588235294
480,12,1.37209302325581
480,13,1.36781609195402
480,14,1.37209302325581
480,15,1.36585365853659
480,16,1.37037037037037
480,17,1.375
480,18,1.37037037037037
480,19,1.375
480,20,1.37
480,21,1.37373737373737
480,22,1.37113402061856
480,23,1.37234042553192
480,24,1.36842105263158
481,0,1.36144578313253
481,1,1.36585365853659
481,2,1.37037037037037
481,3,1.37037037037037
481,4,1.37037037037037
481,5,1.36046511627907
481,6,1.36363636363636
481,7,1.3695652173913
481,8,1.37634408602151
481,9,1.37362637362637
481,10,1.36363636363636
481,11,1.37373737373737
481,12,1.36893203883495
481,13,1.36792452830189
481,14,1.36448598130841
481,15,1.375
481,16,1.3625
481,17,1.3625
481,18,1.375
481,19,1.375
481,20,1.37
481,21,1.37373737373737
481,22,1.37113402061856
481,23,1.37234042553192
481,24,1.37634408602151
482,0,1.36904761904762
482,1,1.37349397590361
482,2,1.37037037037037
482,3,1.375
482,4,1.3625
482,5,1.36781609195402
482,6,1.375
482,7,1.37362637362637
482,8,1.37362637362637
482,9,1.37078651685393
482,10,1.37373737373737
482,11,1.36633663366337
482,12,1.37254901960784
482,13,1.375
482,14,1.36538461538462
482,15,1.36585365853659
482,16,1.37037037037037
482,17,1.375
482,18,1.37037037037037
482,19,1.375
482,20,1.36633663366337
482,21,1.37373737373737
482,22,1.37113402061856
482,23,1.37234042553192
482,24,1.36842105263158
483,0,1.36144578313253
483,1,1.36585365853659
483,2,1.37037037037037
483,3,1.37037037037037
483,4,1.37037037037037
483,5,1.36470588235294
483,6,1.37209302325581
483,7,1.36904761904762
483,8,1.37349397590361
483,9,1.37037037037037
483,10,1.36363636363636
483,11,1.3625
483,12,1.36263736263736
483,13,1.36559139784946
483,14,1.3695652173913
483,15,1.375
483,16,1.3728813559322
483,17,1.3625
483,18,1.375
483,19,1.375
483,20,1.37
483,21,1.37373737373737
483,22,1.37113402061856
483,23,1.37234042553192
483,24,1.37254901960784
484,0,1.36904761904762
484,1,1.36144578313253
484,2,1.37037037037037
484,3,1.375
484,4,1.36708860759494
484,5,1.36144578313253
484,6,1.37349397590361
484,7,1.36585365853659
484,8,1.375
484,9,1.3625
484,10,1.36046511627907
484,11,1.36470588235294
484,12,1.37209302325581
484,13,1.36781609195402
484,14,1.37209302325581
484,15,1.36585365853659
484,16,1.37037037037037
484,17,1.3625
484,18,1.375
484,19,1.3625
484,20,1.37
484,21,1.37373737373737
484,22,1.37113402061856
484,23,1.37234042553192
484,24,1.36842105263158
485,0,1.36842105263158
485,1,1.37634408602151
485,2,1.36263736263736
485,3,1.36666666666667
485,4,1.36666666666667
485,5,1.37373737373737
485,6,1.37373737373737
485,7,1.36734693877551
485,8,1.37113402061856
485,9,1.37234042553192
485,10,1.37234042553192
485,11,1.36842105263158
485,12,1.37113402061856
485,13,1.36363636363636
485,14,1.37
485,15,1.37362637362637
485,16,1.36263736263736
485,17,1.37078651685393
485,18,1.36666666666667
485,19,1.36666666666667
485,20,1.37142857142857
485,21,1.37623762376238
485,22,1.36893203883495
485,23,1.37254901960784
485,24,1.36893203883495
486,0,1.36363636363636
486,1,1.36842105263158
486,2,1.37362637362637
486,3,1.36666666666667
486,4,1.36666666666667
486,5,1.36458333333333
486,6,1.36842105263158
486,7,1.37634408602151
486,8,1.37234042553192
486,9,1.36559139784946
486,10,1.36842105263158
486,11,1.36458333333333
486,12,1.37113402061856
486,13,1.36363636363636
486,14,1.37373737373737
486,15,1.3695652173913
486,16,1.36263736263736
486,17,1.37078651685393
486,18,1.37078651685393
486,19,1.37078651685393
486,20,1.36792452830189
486,21,1.36893203883495
486,22,1.36538461538462
486,23,1.36893203883495
486,24,1.36893203883495
487,0,1.36144578313253
487,1,1.36585365853659
487,2,1.37037037037037
487,3,1.37037037037037
487,4,1.37037037037037
487,5,1.36538461538462
487,6,1.36893203883495
487,7,1.36893203883495
487,8,1.36538461538462
487,9,1.36893203883495
487,10,1.36458333333333
487,11,1.36458333333333
487,12,1.36734693877551
487,13,1.37
487,14,1.37623762376238
487,15,1.375
487,16,1.3625
487,17,1.3625
487,18,1.375
487,19,1.375
487,20,1.37623762376238
487,21,1.37
487,22,1.37113402061856
487,23,1.36842105263158
487,24,1.37234042553192
488,0,1.36904761904762
488,1,1.37349397590361
488,2,1.37037037037037
488,3,1.375
488,4,1.3625
488,5,1.36792452830189
488,6,1.375
488,7,1.36538461538462
488,8,1.36538461538462
488,9,1.36538461538462
488,10,1.37234042553192
488,11,1.36842105263158
488,12,1.375
488,13,1.36734693877551
488,14,1.36734693877551
488,15,1.36585365853659
488,16,1.37037037037037
488,17,1.375
488,18,1.37037037037037
488,19,1.375
488,20,1.36633663366337
488,21,1.37373737373737
488,22,1.37113402061856
488,23,1.37234042553192
488,24,1.36842105263158
489,0,1.36144578313253
489,1,1.36585365853659
489,2,1.37037037037037
489,3,1.37037037037037
489,4,1.37037037037037
489,5,1.36585365853659
489,6,1.37349397590361
489,7,1.36585365853659
489,8,1.375
489,9,1.375
489,10,1.36904761904762
489,11,1.36904761904762
489,12,1.37209302325581
489,13,1.36363636363636
489,14,1.36363636363636
489,15,1.375
489,16,1.3625
489,17,1.3625
489,18,1.375
489,19,1.375
489,20,1.375
489,21,1.36842105263158
489,22,1.37113402061856
489,23,1.36734693877551
489,24,1.375
489,25,1.37
489,26,1.37373737373737
489,27,1.37113402061856
489,28,1.37234042553192
489,29,1.37634408602151
490,0,1.36904761904762
490,1,1.36144578313253
490,2,1.37037037037037
490,3,1.375
490,4,1.36708860759494
490,5,1.36144578313253
490,6,1.37349397590361
490,7,1.36585365853659
490,8,1.375
490,9,1.3625
490,10,1.36046511627907
490,11,1.36470588235294
490,12,1.37209302325581
490,13,1.36781609195402
490,14,1.37209302325581
490,15,1.36585365853659
490,16,1.37037037037037
490,17,1.375
490,18,1.375
490,19,1.3625
490,20,1.36363636363636
490,21,1.375
490,22,1.36363636363636
490,23,1.36633663366337
490,24,1.37623762376238
490,25,1.36633663366337
490,26,1.37373737373737
490,27,1.37113402061856
490,28,1.37234042553192
490,29,1.36458333333333
491,0,0.692857142857143
491,1,0.692857142857143
491,2,0.690647482014388
491,3,0.691176470588235
491,4,0.693430656934307
491,5,0.694267515923567
491,6,0.690322580645161
491,7,0.693333333333333
491,8,0.693333333333333
491,9,0.693333333333333
491,10,0.692307692307692
491,11,0.690140845070423
491,12,0.690647482014388
491,13,0.692857142857143
491,14,0.690140845070423
492,0,0.693430656934307
492,1,0.691176470588235
492,2,0.691729323308271
492,3,0.692307692307692
492,4,0.6953125
492,5,0.691358024691358
492,6,0.694267515923567
492,7,0.69281045751634
492,8,0.69281045751634
492,9,0.690322580645161
492,10,0.690909090909091
492,11,0.69375
492,12,0.692307692307692
492,13,0.694267515923567
492,14,0.694267515923567
493,0,0.693430656934307
493,1,0.694029850746269
493,2,0.691729323308271
493,3,0.6953125
493,4,0.692913385826772
493,5,0.690909090909091
493,6,0.69375
493,7,0.692307692307692
493,8,0.692307692307692
493,9,0.692307692307692
493,10,0.692771084337349
493,11,0.693251533742331
493,12,0.691823899371069
493,13,0.69375
493,14,0.691358024691358
494,0,0.691176470588235
494,1,0.691176470588235
494,2,0.694656488549618
494,3,0.692307692307692
494,4,0.6953125
494,5,0.693251533742331
494,6,0.69375
494,7,0.690322580645161
494,8,0.692307692307692
494,9,0.690322580645161
494,10,0.692771084337349
494,11,0.693251533742331
494,12,0.691823899371069
494,13,0.691823899371069
494,14,0.691823899371069
495,0,0.691176470588235
495,1,0.693430656934307
495,2,0.694656488549618
495,3,0.6953125
495,4,0.692307692307692
495,5,0.692771084337349
495,6,0.693251533742331
495,7,0.69375
495,8,0.691358024691358
495,9,0.691358024691358
495,10,0.692307692307692
495,11,0.692771084337349
495,12,0.693251533742331
495,13,0.690909090909091
495,14,0.692771084337349
500,0,1
500,1,1
500,2,0.333333333333333
500,3,0.25
500,4,0.5
500,5,0.333333333333333
500,6,0.5
500,7,1
500,8,1
500,9,0.5
500,10,0.5
500,11,0.5
500,12,0.333333333333333
500,13,0.25
500,14,0.333333333333333
500,15,0.25
500,16,0.400900900900901
500,17,0.5
500,18,0.5
500,19,0.5
500,20,1
500,21,0.666666666666667
500,22,1
500,23,0.67032967032967
500,24,0.5
500,25,0.666666666666667
500,26,0.5
500,27,0.672131147540984
500,28,0.5
500,29,0.5
500,30,0.25
500,31,0.5
501,0,1
501,1,0.666666666666667
501,2,0.67032967032967
501,3,1
501,4,1
501,5,0.666666666666667
501,6,1
501,7,1
501,8,1
501,9,0.666666666666667
501,10,1
501,11,0.333333333333333
501,12,0.25
501,13,0.222222222222222
501,14,0.666666666666667
501,15,0.25
501,16,0.333333333333333
501,17,0.5
501,18,0.5
501,19,0.333333333333333
501,20,0.666666666666667
501,21,1
501,22,0.5
501,23,0.5
501,24,0.286549707602339
501,25,1
501,26,0.671875
501,27,0.401129943502825
501,28,0.4
501,29,0.5
501,30,0.25
501,31,0.333333333333333
502,0,1
502,1,0.5
502,2,0.5
502,3,0.333333333333333
502,4,0.5
502,5,0.5
502,6,0.5
502,7,1
502,8,1
502,9,1
502,10,0.4
502,11,0.5
502,12,0.286274509803922
502,13,0.25
502,14,0.666666666666667
502,15,0.25
502,16,0.25
502,17,0.5
502,18,0.25
502,19,0.286549707602339
502,20,1
502,21,0.5
502,22,0.5
502,23,0.669565217391304
502,24,0.25
502,25,0.5
502,26,0.5
502,27,0.5
502,28,0.5
502,29,0.5
502,30,0.25
502,31,0.5
503,0,1
503,1,1
503,2,1
503,3,0.666666666666667
503,4,0.666666666666667
503,5,0.400709219858156
503,6,1
503,7,1
503,8,1
503,9,0.692307692307692
503,10,1
503,11,0.25
503,12,0.25
503,13,0.5
503,14,1
503,15,1
503,16,0.668789808917197
503,17,0.5
503,18,0.5
503,19,0.5
503,20,0.5
503,21,0.833333333333333
503,22,0.8
503,23,0.666666666666667
503,24,0.5
503,25,0.5
503,26,0.5
503,27,0.666666666666667
503,28,0.285714285714286
503,29,0.5
503,30,0.222413793103448
503,31,0.68
504,0,1
504,1,0.5
504,2,0.5
504,3,2
504,4,1.39285714285714
504,5,0.675675675675676
504,6,0.666666666666667
504,7,1
504,8,1
504,9,1
504,10,0.666666666666667
504,11,0.25
504,12,0.285714285714286
504,13,0.5
504,14,0.2
504,15,0.25
504,16,0.25
504,17,0.333333333333333
504,18,0.2
504,19,0.333333333333333
504,20,0.5
504,21,0.5
504,22,0.5
504,23,0.5
504,24,1
504,25,0.25
504,26,0.666666666666667
504,27,0.5
504,28,0.671052631578947
504,29,0.5
504,30,0.25
504,31,2
505,0,1
505,1,0.5
505,2,0.5
505,3,2
505,4,2
505,5,0.666666666666667
505,6,0.666666666666667
505,7,1
505,8,1
505,9,0.670454545454545
505,10,0.5
505,11,0.668789808917197
505,12,0.25
505,13,0.285714285714286
505,14,0.5
505,15,0.2
505,16,0.25
505,17,0.333333333333333
505,18,0.2
505,19,0.333333333333333
505,20,0.5
505,21,0.5
505,22,0.5
505,23,0.5
505,24,1
505,25,0.25
505,26,0.666666666666667
505,27,0.5
505,28,0.666666666666667
505,29,0.5
505,30,0.25
505,31,2
506,0,1
506,1,0.5
506,2,0.5
506,3,1
506,4,1
506,5,0.333333333333333
506,6,0.5
506,7,0.5
506,8,1
506,9,1
506,10,1
506,11,0.25
506,12,0.25
506,13,0.5
506,14,0.2
506,15,0.25
506,16,0.25
506,17,1
506,18,1
506,19,0.5
506,20,0.5
506,21,0.5
506,22,0.5
506,23,0.5
506,24,1
506,25,0.25
506,26,0.666666666666667
506,27,0.5
506,28,1
506,29,0.5
506,30,0.222388059701493
506,31,0.666666666666667
507,0,1
507,1,0.5
507,2,0.5
507,3,1
507,4,1
507,5,0.333333333333333
507,6,0.5
507,7,0.5
507,8,1
507,9,1
507,10,1
507,11,0.25
507,12,0.25
507,13,0.5
507,14,0.2
507,15,0.25
507,16,0.25
507,17,1
507,18,1
507,19,0.5
507,20,0.5
507,21,0.5
507,22,0.5
507,23,0.5
507,24,1
507,25,0.25
507,26,0.666666666666667
507,27,0.5
507,28,1
507,29,0.5
507,30,0.223214285714286
507,31,0.67741935483871
508,0,1
508,1,0.5
508,2,0.5
508,3,0.5
508,4,1
508,5,0.5
508,6,0.5
508,7,1
508,8,1
508,9,1
508,10,1
508,11,0.333333333333333
508,12,0.5
508,13,0.5
508,14,0.5
508,15,0.66875
508,16,0.5
508,17,1
508,18,0.25
508,19,0.333333333333333
508,20,0.5
508,21,0.666666666666667
508,22,1
508,23,1
508,24,0.5
508,25,0.5
508,26,0.5
508,27,0.666666666666667
508,28,0.671052631578947
508,29,0.5
508,30,0.286031042128603
508,31,2
509,0,1
509,1,0.5
509,2,0.5
509,3,0.5
509,4,1
509,5,0.5
509,6,0.5
509,7,1
509,8,1
509,9,1
509,10,1
509,11,0.333333333333333
509,12,0.5
509,13,0.5
509,14,0.5
509,15,0.667870036101083
509,16,0.5
509,17,1
509,18,0.25
509,19,0.333333333333333
509,20,0.5
509,21,0.666666666666667
509,22,1
509,23,1
509,24,0.5
509,25,0.5
509,26,0.5
509,27,0.672727272727273
509,28,0.666666666666667
509,29,0.5
509,30,0.285714285714286
509,31,2
510,0,1
510,1,0.5
510,2,0.5
510,3,1
510,4,1
510,5,0.333333333333333
510,6,0.5
510,7,0.5
510,8,1
510,9,0.5
510,10,1
510,11,0.25
510,12,0.25
510,13,0.25
510,14,1
510,15,0.25
510,16,0.5
510,17,1
510,18,1
510,19,0.5
510,20,0.5
510,21,0.5
510,22,0.5
510,23,1
510,24,1
510,25,0.25
510,26,0.666666666666667
510,27,1
510,28,1
510,29,0.5
510,30,0.222388059701493
510,31,0.670886075949367
511,0,1
511,1,0.5
511,2,0.5
511,3,1
511,4,1
511,5,0.333333333333333
511,6,0.5
511,7,0.5
511,8,1
511,9,0.5
511,10,1
511,11,0.25
511,12,0.25
511,13,0.25
511,14,1
511,15,0.25
511,16,0.5
511,17,1
511,18,1
511,19,0.5
511,20,0.5
511,21,0.5
511,22,0.5
511,23,1
511,24,1
511,25,0.25
511,26,0.666666666666667
511,27,1
511,28,1
511,29,0.5
511,30,0.223214285714286
511,31,0.671052631578947
